CREATE DATABASE  IF NOT EXISTS `ecommerce_db` /*!40100 DEFAULT CHARACTER SET utf8mb4 COLLATE utf8mb4_0900_ai_ci */ /*!80016 DEFAULT ENCRYPTION='N' */;
USE `ecommerce_db`;
-- MySQL dump 10.13  Distrib 8.0.38, for Win64 (x86_64)
--
-- Host: 127.0.0.1    Database: ecommerce_db
-- ------------------------------------------------------
-- Server version	8.0.43

/*!40101 SET @OLD_CHARACTER_SET_CLIENT=@@CHARACTER_SET_CLIENT */;
/*!40101 SET @OLD_CHARACTER_SET_RESULTS=@@CHARACTER_SET_RESULTS */;
/*!40101 SET @OLD_COLLATION_CONNECTION=@@COLLATION_CONNECTION */;
/*!50503 SET NAMES utf8 */;
/*!40103 SET @OLD_TIME_ZONE=@@TIME_ZONE */;
/*!40103 SET TIME_ZONE='+00:00' */;
/*!40014 SET @OLD_UNIQUE_CHECKS=@@UNIQUE_CHECKS, UNIQUE_CHECKS=0 */;
/*!40014 SET @OLD_FOREIGN_KEY_CHECKS=@@FOREIGN_KEY_CHECKS, FOREIGN_KEY_CHECKS=0 */;
/*!40101 SET @OLD_SQL_MODE=@@SQL_MODE, SQL_MODE='NO_AUTO_VALUE_ON_ZERO' */;
/*!40111 SET @OLD_SQL_NOTES=@@SQL_NOTES, SQL_NOTES=0 */;

--
-- Table structure for table `cart`
--

DROP TABLE IF EXISTS `cart`;
/*!40101 SET @saved_cs_client     = @@character_set_client */;
/*!50503 SET character_set_client = utf8mb4 */;
CREATE TABLE `cart` (
  `id` varchar(255) NOT NULL,
  `created_at` datetime(6) DEFAULT NULL,
  `updated_at` datetime(6) DEFAULT NULL,
  `user_id` varchar(255) DEFAULT NULL,
  PRIMARY KEY (`id`),
  UNIQUE KEY `UK9emlp6m95v5er2bcqkjsw48he` (`user_id`),
  CONSTRAINT `FKl70asp4l4w0jmbm1tqyofho4o` FOREIGN KEY (`user_id`) REFERENCES `user` (`id`)
) ENGINE=InnoDB DEFAULT CHARSET=utf8mb4 COLLATE=utf8mb4_0900_ai_ci;
/*!40101 SET character_set_client = @saved_cs_client */;

--
-- Dumping data for table `cart`
--

LOCK TABLES `cart` WRITE;
/*!40000 ALTER TABLE `cart` DISABLE KEYS */;
/*!40000 ALTER TABLE `cart` ENABLE KEYS */;
UNLOCK TABLES;

--
-- Table structure for table `cart_item`
--

DROP TABLE IF EXISTS `cart_item`;
/*!40101 SET @saved_cs_client     = @@character_set_client */;
/*!50503 SET character_set_client = utf8mb4 */;
CREATE TABLE `cart_item` (
  `id` varchar(255) NOT NULL,
  `quantity` int NOT NULL,
  `cart_id` varchar(255) DEFAULT NULL,
  `product_variant_id` varchar(255) DEFAULT NULL,
  PRIMARY KEY (`id`),
  KEY `FK1uobyhgl1wvgt1jpccia8xxs3` (`cart_id`),
  KEY `FKrdaiqcfk3wbovl9ctfiu8bnx2` (`product_variant_id`),
  CONSTRAINT `FK1uobyhgl1wvgt1jpccia8xxs3` FOREIGN KEY (`cart_id`) REFERENCES `cart` (`id`),
  CONSTRAINT `FKrdaiqcfk3wbovl9ctfiu8bnx2` FOREIGN KEY (`product_variant_id`) REFERENCES `product_variant` (`id`)
) ENGINE=InnoDB DEFAULT CHARSET=utf8mb4 COLLATE=utf8mb4_0900_ai_ci;
/*!40101 SET character_set_client = @saved_cs_client */;

--
-- Dumping data for table `cart_item`
--

LOCK TABLES `cart_item` WRITE;
/*!40000 ALTER TABLE `cart_item` DISABLE KEYS */;
/*!40000 ALTER TABLE `cart_item` ENABLE KEYS */;
UNLOCK TABLES;

--
-- Table structure for table `category`
--

DROP TABLE IF EXISTS `category`;
/*!40101 SET @saved_cs_client     = @@character_set_client */;
/*!50503 SET character_set_client = utf8mb4 */;
CREATE TABLE `category` (
  `id` varchar(255) NOT NULL,
  `description` varchar(255) DEFAULT NULL,
  `name` varchar(255) NOT NULL,
  PRIMARY KEY (`id`),
  UNIQUE KEY `UK46ccwnsi9409t36lurvtyljak` (`name`)
) ENGINE=InnoDB DEFAULT CHARSET=utf8mb4 COLLATE=utf8mb4_0900_ai_ci;
/*!40101 SET character_set_client = @saved_cs_client */;

--
-- Dumping data for table `category`
--

LOCK TABLES `category` WRITE;
/*!40000 ALTER TABLE `category` DISABLE KEYS */;
INSERT INTO `category` VALUES ('29347f9b-4b04-4aad-b116-fc54d47fe735','Váy nữ thời trang','Váy'),('3b5cd899-246e-4dd7-a253-f5c612530bfc','Áo khoác gió, áo khoác dạ','Áo khoác'),('3e9d83d9-4aaf-4e42-9ca0-fda5fce8935f','Quần jean, quần short, quần dài','Quần'),('52ca35f3-79af-4540-a81d-9b02c9ff7e82','Quần áo thể thao, gym, chạy bộ','Đồ thể thao'),('61f1088e-d5a3-4013-81ee-86b70cec3098','Áo thun, áo sơ mi, áo hoodie','Áo'),('90ba2165-1211-44d6-94fb-2cfd0a6ade61','Đồ mặc nhà, đồ ngủ','Đồ ngủ'),('a2d4d2d5-76f0-4fe8-a01c-19a4818925a5','Sneaker, sandal, giày da','Giày dép'),('eb0f9468-f640-4ac3-85dd-fc1618d01e87','Mũ, thắt lưng, túi xách','Phụ kiện');
/*!40000 ALTER TABLE `category` ENABLE KEYS */;
UNLOCK TABLES;

--
-- Table structure for table `colors`
--

DROP TABLE IF EXISTS `colors`;
/*!40101 SET @saved_cs_client     = @@character_set_client */;
/*!50503 SET character_set_client = utf8mb4 */;
CREATE TABLE `colors` (
  `id` varchar(255) NOT NULL,
  `code` varchar(255) DEFAULT NULL,
  `name` varchar(255) DEFAULT NULL,
  PRIMARY KEY (`id`)
) ENGINE=InnoDB DEFAULT CHARSET=utf8mb4 COLLATE=utf8mb4_0900_ai_ci;
/*!40101 SET character_set_client = @saved_cs_client */;

--
-- Dumping data for table `colors`
--

LOCK TABLES `colors` WRITE;
/*!40000 ALTER TABLE `colors` DISABLE KEYS */;
INSERT INTO `colors` VALUES ('ba5a8518-278f-11f1-99ab-2efcaabefba6','#FFFFFF','Trắng'),('ba5aacc1-278f-11f1-99ab-2efcaabefba6','#000000','Đen'),('ba5ab259-278f-11f1-99ab-2efcaabefba6','#808080','Xám Chuột'),('ba5ab3cb-278f-11f1-99ab-2efcaabefba6','#000080','Xanh Navy'),('ba5ab425-278f-11f1-99ab-2efcaabefba6','#800000','Đỏ Đô'),('ba5ab46d-278f-11f1-99ab-2efcaabefba6','#FFD1DC','Hồng Pastel'),('ba5ab4b9-278f-11f1-99ab-2efcaabefba6','#98FF98','Xanh Mint'),('ba5ab500-278f-11f1-99ab-2efcaabefba6','#B39EB5','Tím Thạch Anh'),('ba5ab55f-278f-11f1-99ab-2efcaabefba6','#FFF44F','Vàng Chanh'),('ba5ab5a0-278f-11f1-99ab-2efcaabefba6','#87CEEB','Xanh Sky'),('ba5ab5de-278f-11f1-99ab-2efcaabefba6','#4B3621','Nâu Tây'),('ba5aba10-278f-11f1-99ab-2efcaabefba6','#4B5320','Xanh Rêu'),('ba5abb8d-278f-11f1-99ab-2efcaabefba6','#C19A6B','Vàng Nghệ'),('ba5abbfb-278f-11f1-99ab-2efcaabefba6','#914E1E','Cam Đất'),('ba5abc5c-278f-11f1-99ab-2efcaabefba6','#F5F5DC','Kem/Be');
/*!40000 ALTER TABLE `colors` ENABLE KEYS */;
UNLOCK TABLES;

--
-- Table structure for table `invalidated_token`
--

DROP TABLE IF EXISTS `invalidated_token`;
/*!40101 SET @saved_cs_client     = @@character_set_client */;
/*!50503 SET character_set_client = utf8mb4 */;
CREATE TABLE `invalidated_token` (
  `id` varchar(255) NOT NULL,
  `expiry_time` datetime(6) DEFAULT NULL,
  PRIMARY KEY (`id`)
) ENGINE=InnoDB DEFAULT CHARSET=utf8mb4 COLLATE=utf8mb4_0900_ai_ci;
/*!40101 SET character_set_client = @saved_cs_client */;

--
-- Dumping data for table `invalidated_token`
--

LOCK TABLES `invalidated_token` WRITE;
/*!40000 ALTER TABLE `invalidated_token` DISABLE KEYS */;
/*!40000 ALTER TABLE `invalidated_token` ENABLE KEYS */;
UNLOCK TABLES;

--
-- Table structure for table `order_item`
--

DROP TABLE IF EXISTS `order_item`;
/*!40101 SET @saved_cs_client     = @@character_set_client */;
/*!50503 SET character_set_client = utf8mb4 */;
CREATE TABLE `order_item` (
  `id` varchar(255) NOT NULL,
  `price` double DEFAULT NULL,
  `quantity` int NOT NULL,
  `order_id` varchar(255) DEFAULT NULL,
  `product_variant_id` varchar(255) DEFAULT NULL,
  PRIMARY KEY (`id`),
  KEY `FKt4dc2r9nbvbujrljv3e23iibt` (`order_id`),
  KEY `FKasbjwtdare2wb3anogb1oai26` (`product_variant_id`),
  CONSTRAINT `FKasbjwtdare2wb3anogb1oai26` FOREIGN KEY (`product_variant_id`) REFERENCES `product_variant` (`id`),
  CONSTRAINT `FKt4dc2r9nbvbujrljv3e23iibt` FOREIGN KEY (`order_id`) REFERENCES `orders` (`id`)
) ENGINE=InnoDB DEFAULT CHARSET=utf8mb4 COLLATE=utf8mb4_0900_ai_ci;
/*!40101 SET character_set_client = @saved_cs_client */;

--
-- Dumping data for table `order_item`
--

LOCK TABLES `order_item` WRITE;
/*!40000 ALTER TABLE `order_item` DISABLE KEYS */;
INSERT INTO `order_item` VALUES ('3c01fba3-1ee0-4505-95a4-51ee9fb87c41',0.1,1,'c618966e-2644-4f9b-944b-3368f933df8f','2e91d087-4569-4d6e-926d-b572f3cda122'),('3d7a6b9a-f43c-4d7f-9c21-18b169412cf5',250000,1,'4e52457f-dba3-41c1-a456-7d46c8aae557','00c27440-41a1-4b58-afe4-7a82badf0440'),('454de5a0-59ee-46aa-8402-aae475f34d12',850000,1,'4e52457f-dba3-41c1-a456-7d46c8aae557','00c5a81a-3bde-4fa3-b5d0-acdc0c447eb2'),('c2cdd1d0-89ab-484d-b97f-5b042a2db37f',250000,1,'4e52457f-dba3-41c1-a456-7d46c8aae557','00c27440-41a1-4b58-afe4-7a82badf0440'),('fbee3e91-d99d-4cf2-af83-3d0dc0854373',250000,1,'4e52457f-dba3-41c1-a456-7d46c8aae557','00c27440-41a1-4b58-afe4-7a82badf0440');
/*!40000 ALTER TABLE `order_item` ENABLE KEYS */;
UNLOCK TABLES;

--
-- Table structure for table `orders`
--

DROP TABLE IF EXISTS `orders`;
/*!40101 SET @saved_cs_client     = @@character_set_client */;
/*!50503 SET character_set_client = utf8mb4 */;
CREATE TABLE `orders` (
  `id` varchar(255) NOT NULL,
  `created_at` datetime(6) DEFAULT NULL,
  `address` varchar(255) DEFAULT NULL,
  `email` varchar(255) DEFAULT NULL,
  `first_name` varchar(255) DEFAULT NULL,
  `last_name` varchar(255) DEFAULT NULL,
  `phone` varchar(255) DEFAULT NULL,
  `total_price` double DEFAULT NULL,
  `user_id` varchar(255) DEFAULT NULL,
  PRIMARY KEY (`id`),
  KEY `FKel9kyl84ego2otj2accfd8mr7` (`user_id`),
  CONSTRAINT `FKel9kyl84ego2otj2accfd8mr7` FOREIGN KEY (`user_id`) REFERENCES `user` (`id`)
) ENGINE=InnoDB DEFAULT CHARSET=utf8mb4 COLLATE=utf8mb4_0900_ai_ci;
/*!40101 SET character_set_client = @saved_cs_client */;

--
-- Dumping data for table `orders`
--

LOCK TABLES `orders` WRITE;
/*!40000 ALTER TABLE `orders` DISABLE KEYS */;
INSERT INTO `orders` VALUES ('4e52457f-dba3-41c1-a456-7d46c8aae557','2026-03-25 09:37:40.880240','string','string','string','string','string',1600000,'3e634242-9256-487f-b09d-d0362d4d5296'),('c618966e-2644-4f9b-944b-3368f933df8f','2026-03-25 09:38:44.648780','string','string','string','string','string',0.1,'3e634242-9256-487f-b09d-d0362d4d5296');
/*!40000 ALTER TABLE `orders` ENABLE KEYS */;
UNLOCK TABLES;

--
-- Table structure for table `permission`
--

DROP TABLE IF EXISTS `permission`;
/*!40101 SET @saved_cs_client     = @@character_set_client */;
/*!50503 SET character_set_client = utf8mb4 */;
CREATE TABLE `permission` (
  `name` varchar(255) NOT NULL,
  `description` varchar(255) DEFAULT NULL,
  PRIMARY KEY (`name`)
) ENGINE=InnoDB DEFAULT CHARSET=utf8mb4 COLLATE=utf8mb4_0900_ai_ci;
/*!40101 SET character_set_client = @saved_cs_client */;

--
-- Dumping data for table `permission`
--

LOCK TABLES `permission` WRITE;
/*!40000 ALTER TABLE `permission` DISABLE KEYS */;
/*!40000 ALTER TABLE `permission` ENABLE KEYS */;
UNLOCK TABLES;

--
-- Table structure for table `product`
--

DROP TABLE IF EXISTS `product`;
/*!40101 SET @saved_cs_client     = @@character_set_client */;
/*!50503 SET character_set_client = utf8mb4 */;
CREATE TABLE `product` (
  `id` varchar(255) NOT NULL,
  `brand` varchar(255) DEFAULT NULL,
  `description` text,
  `max_price` double DEFAULT NULL,
  `min_price` double DEFAULT NULL,
  `name` varchar(255) DEFAULT NULL,
  `category_id` varchar(255) DEFAULT NULL,
  PRIMARY KEY (`id`),
  KEY `FK1mtsbur82frn64de7balymq9s` (`category_id`),
  CONSTRAINT `FK1mtsbur82frn64de7balymq9s` FOREIGN KEY (`category_id`) REFERENCES `category` (`id`)
) ENGINE=InnoDB DEFAULT CHARSET=utf8mb4 COLLATE=utf8mb4_0900_ai_ci;
/*!40101 SET character_set_client = @saved_cs_client */;

--
-- Dumping data for table `product`
--

LOCK TABLES `product` WRITE;
/*!40000 ALTER TABLE `product` DISABLE KEYS */;
INSERT INTO `product` VALUES ('0130a681-5e53-49da-bccb-d650580f5200','Mango','Áo choàng ngủ từ chất liệu nỉ bông polyester siêu dày dặn và ấm áp, phụ kiện hoàn hảo cho buổi sáng mùa đông.',950000,950000,'Áo Choàng Ngủ Nỉ Bông','90ba2165-1211-44d6-94fb-2cfd0a6ade61'),('026b8f7b-9d62-406d-b4b5-ad0766a5feda','Gucci','Gọng kim loại siêu nhẹ chống gỉ, tròng kính từ polycarbonate chống tia UV tuyệt đối cho chuyến du lịch nắng gắt.',4250000,4250000,'Kính Mát Phi Công','eb0f9468-f640-4ac3-85dd-fc1618d01e87'),('037864ea-1fc9-4a98-ad96-73c7031b4b64','Puma','Áo thun ba lỗ khoét sâu nách giúp vận động tay linh hoạt từ vải lưới polyester thoáng khí tuyệt đối.',450000,450000,'Áo Tanktop Tập Gym Nam','52ca35f3-79af-4540-a81d-9b02c9ff7e82'),('06b0c255-6c1c-4fd6-82c0-d88f3eba7d40','Charles & Keith','Túi xách phom hộp cứng cáp từ da tổng hợp, quai đeo xích phối da sang trọng cho các vật dụng cá nhân nhỏ gọn.',1850000,1850000,'Túi Xách Đeo Chéo Mini','eb0f9468-f640-4ac3-85dd-fc1618d01e87'),('074216a9-62ef-4297-bfc4-56358f0c75b4','Uniqlo','Bộ đồ ngủ từ chất liệu nỉ bông polyester dày, giữ ấm tuyệt đối cho những đêm đông giá rét.',850000,850000,'Bộ Đồ Nỉ Ngủ Mùa Đông','90ba2165-1211-44d6-94fb-2cfd0a6ade61'),('074af4fa-2373-4594-af09-4635672caa84','Nike','Bộ trang phục từ vải thun poly interlock co giãn, công nghệ Dri-FIT giúp thoát mồ hôi cực nhanh cho vận động viên.',1450000,1450000,'Bộ Đồ Tập Gym Pro','52ca35f3-79af-4540-a81d-9b02c9ff7e82'),('0fbd50af-473d-4715-9941-0b33bab46bf9','Uniqlo','Áo khoác hoodie có khóa kéo, chất liệu nỉ bông dày dặn lót lông cừu nhân tạo siêu ấm, thích hợp mặc ở nhà hoặc đi dạo.',650000,650000,'Áo Hoodie Zip Nỉ Chần','3b5cd899-246e-4dd7-a253-f5c612530bfc'),('10b7acf8-0eb8-41d2-95ef-7020759d7f92','Zara','Áo thun 100% cotton in hình nghệ thuật hiện đại, màu sắc nổi bật, phong cách trẻ trung cho thanh niên.',450000,450000,'Áo Thun In Họa Tiết','61f1088e-d5a3-4013-81ee-86b70cec3098'),('141187aa-eb73-43a2-9be3-afa93b962c46','Adidas','Bộ trang phục nỉ dày dặn giữ nhiệt chuyên dụng từ sợi bông fleece cho vận động viên tập luyện ngoài trời.',2450000,2450000,'Bộ Đồ Nỉ Tập Mùa Đông','52ca35f3-79af-4540-a81d-9b02c9ff7e82'),('170aa39b-76d9-4e17-9f00-2648e0c28deb','Gucci','Váy dài xếp ly thanh lịch với chất liệu tổng hợp Monogram đặc trưng, thắt lưng tinh tế tôn lên vòng eo người mặc.',5400000,5400000,'Váy Xếp Ly Công Sở','29347f9b-4b04-4aad-b116-fc54d47fe735'),('1be52253-b6ef-45b2-a2f7-d61db657675b','Mango','Váy dáng suông in họa tiết trừu tượng từ vải lanh thoáng mát, lý tưởng cho kỳ nghỉ hè dạo biển.',790000,790000,'Váy Suông In Họa Tiết','29347f9b-4b04-4aad-b116-fc54d47fe735'),('1c40add2-800c-427a-be75-6ccdb4fcacf4','Uniqlo','Bộ pijama thun cotton 100% in hình dễ thương, co giãn tốt, mang lại sự thoải mái tối đa cho giấc ngủ.',450000,450000,'Bộ Pijama Thun Cotton In Hình','90ba2165-1211-44d6-94fb-2cfd0a6ade61'),('1d6424bc-fff7-47d8-8426-8b3f7996b6f6','Nike','Áo bra hỗ trợ cường độ cao từ vải nỉ nén co giãn, thiết kế lưng chữ X giúp cố định tối ưu khi vận động mạnh.',950000,950000,'Áo Bra Thể Thao Support','52ca35f3-79af-4540-a81d-9b02c9ff7e82'),('2086653f-e611-43e3-8987-f69ef03918d8','Mango','Váy ren thêu tỉ mỉ dáng đuôi cá điệu đà trên nền vải polyester cao cấp, mang đến vẻ đẹp cổ điển và nữ tính tuyệt đối.',1650000,1650000,'Váy Ren Đuôi Cá','29347f9b-4b04-4aad-b116-fc54d47fe735'),('216026f4-0b10-44ca-a43c-f2890ae8ce8d','H&M','Áo polo thun cá sấu từ sợi cotton piqué bền bỉ, phom dáng chuẩn, mang lại sự lịch lãm đầy năng động cho công sở.',1200000,1200000,'Áo Polo Piqué Cổ Điển','61f1088e-d5a3-4013-81ee-86b70cec3098'),('227faf47-5743-4e03-93d8-2c4747531837','H&M','Quần jogger chất nỉ bông polyester ấm áp, gấu quần bo thun chắc chắn, thích hợp cho tập luyện hoặc mặc ở nhà.',550000,550000,'Quần Jogger Nỉ Basic','3e9d83d9-4aaf-4e42-9ca0-fda5fce8935f'),('24e9a912-602e-43c6-a5a2-c114a67ee4e9','Adidas','Công nghệ đệm Boost hoàn trả năng lượng cực tốt, thân giày vải Primeknit ôm sát như đi tất cho vận động viên.',4500000,4500000,'Giày Chạy Bộ Ultraboost','a2d4d2d5-76f0-4fe8-a01c-19a4818925a5'),('2507eba4-3aa7-460a-b2c8-fafb0e76833e','Uniqlo','Áo khoác len cardigan mềm mại từ sợi wool merino, các chi tiết thêu tay tinh xảo, cổ chữ V sâu dễ dàng phối đồ.',1150000,1150000,'Áo Cardigan Len Thêu','3b5cd899-246e-4dd7-a253-f5c612530bfc'),('2823b9f8-a827-4248-adec-433738bcece3','Uniqlo','Mũ len ôm đầu mềm mại từ sợi wool pha acrylic, giữ ấm tai hiệu quả, đơn giản dễ phối đồ hàng ngày.',350000,350000,'Mũ Beanie Dệt Kim','eb0f9468-f640-4ac3-85dd-fc1618d01e87'),('2dfea698-16a7-40dd-ae9d-d879052059a9','Uniqlo','Chất liệu nỉ flanel mỏng mềm mại từ cotton nguyên chất, họa tiết kẻ caro cổ điển, phù hợp khoác nhẹ bên ngoài.',690000,690000,'Áo Sơ Mi Flanel Kẻ Ô','61f1088e-d5a3-4013-81ee-86b70cec3098'),('30c4b7eb-2366-462e-be69-379778fedd7a','Adidas','Mũ lưỡi trai từ vải cotton thoáng khí, quai cài tùy chỉnh kích thước phía sau, thêu logo nổi bật cho phong cách năng động.',450000,450000,'Mũ Lưỡi Trai Logo Thêu','eb0f9468-f640-4ac3-85dd-fc1618d01e87'),('31599107-c54b-4a92-9c91-44d5e1ad7581','Levi\'s','Quần đùi jean từ denim 100% cotton với các chi tiết mài rách bụi bặm, gấu quần tua rua, phong cách trẻ trung.',950000,950000,'Quần Short Jean Rách','3e9d83d9-4aaf-4e42-9ca0-fda5fce8935f'),('34515573-0f8e-4385-9c2d-666d23857d7e','The North Face','Áo phao nhồi lông vũ tự nhiên, khả năng giữ nhiệt tuyệt đối cho khí hậu đại hàn, lớp vỏ ngoài polyester chống thấm.',3500000,3500000,'Áo Phao Lông Vũ','3b5cd899-246e-4dd7-a253-f5c612530bfc'),('38c10fae-c326-4117-a9f1-438c47086a1b','Levi\'s','Áo sơ mi vải denim bền bỉ từ 100% cotton, phong cách cao bồi, có thể mặc riêng hoặc khoác hờ ngoài áo thun trắng.',1450000,1450000,'Áo Sơ Mi Denim Bụi Bặm','61f1088e-d5a3-4013-81ee-86b70cec3098'),('399bce69-4451-44b7-87de-a9d0418a0764','Adidas','Áo khoác gió từ 100% tái chế polyester, tích hợp phản quang giúp an toàn khi chạy bộ ban đêm, phom áo khí động học.',1200000,1200000,'Áo Khoác Chạy Bộ Gió','52ca35f3-79af-4540-a81d-9b02c9ff7e82'),('3c39f920-ffe0-4de9-8f20-027482893586','Nike','Đôi giày huyền thoại từ da tổng hợp bền bỉ, đế đệm Air êm ái, thiết kế trắng sạch dễ phối đồ hàng ngày.',2850000,2850000,'Giày Sneaker Air Force 1','a2d4d2d5-76f0-4fe8-a01c-19a4818925a5'),('3c9c04f1-7bed-404a-b52c-4230cbdbd222','Zara','Áo choàng ngoài từ lụa satin kèm đai thắt, chất liệu mềm mại tạo cảm giác thư giãn tuyệt đối sau khi tắm.',850000,850000,'Áo Choàng Ngủ Silk','90ba2165-1211-44d6-94fb-2cfd0a6ade61'),('3fcfcd86-09b9-4adc-ba2e-7aed0de83155','Nike','Đế bánh mì độn cao 5cm từ cao su non giúp tăng chiều cao, chất liệu da tổng hợp trắng kem nữ tính.',3100000,3100000,'Giày Sneaker Platform Nữ','a2d4d2d5-76f0-4fe8-a01c-19a4818925a5'),('420ab440-0b24-4474-a6f4-1afcda3086f7','Zara','Áo sơ mi lụa satin với độ bóng sang trọng, thiết kế cổ đức truyền thống mang lại vẻ ngoài thanh lịch cho phái nữ.',850000,850000,'Áo Sơ Mi Silk Satin','61f1088e-d5a3-4013-81ee-86b70cec3098'),('4bbc30ee-4c94-49a0-9186-05ea12088be2','Mango','Khăn choàng dệt từ sợi cashmere siêu mềm mại và ấm áp từ tự nhiên, phụ kiện hoàn hảo cho mùa đông giá lạnh.',950000,950000,'Khăn Choàng Len Cashmere','eb0f9468-f640-4ac3-85dd-fc1618d01e87'),('4dad08a3-f67a-4a80-bee9-0e2976850458','Charles & Keith','Sandal quai mảnh từ da tổng hợp mềm, quai cổ chân tùy chỉnh, đế bệt thoải mái cho dạo phố mùa hè.',950000,950000,'Giày Sandal Dây Mảnh','a2d4d2d5-76f0-4fe8-a01c-19a4818925a5'),('4e97e93b-2baa-4748-9da3-4dad15c8dd89','Zara','Áo len cổ lọ dệt kim từ sợi len lông cừu merino giữ nhiệt tốt, phom dáng slim-fit sang trọng cho mùa đông.',1250000,1250000,'Áo Len Cổ Lọ Wool','61f1088e-d5a3-4013-81ee-86b70cec3098'),('4eb5878c-d9e2-4b86-b5f9-74a03565ef3d','H&M','Váy dáng suông chất liệu cotton 100% thoáng mát, thấm hút mồ hôi tốt, lý tưởng cho trang phục mặc hàng ngày.',450000,450000,'Váy Suông Cotton Basic','29347f9b-4b04-4aad-b116-fc54d47fe735'),('51ca4cc3-51a4-4632-a2c8-2050885eef43','Puma','Chất liệu vải microfiber mềm mượt như da thứ hai, độ co giãn cực đại giúp thực hiện các tư thế yoga khó nhất.',1250000,1250000,'Quần Tập Yoga Lưng Cao','52ca35f3-79af-4540-a81d-9b02c9ff7e82'),('534c5615-a598-4d81-bd11-8c49051f7dad','Charles & Keith','Sandal cao gót với quai trong suốt từ nhựa dẻo TPU, đế cao 5cm chắc chắn, phong cách hiện đại cho các buổi tiệc.',1350000,1350000,'Giày Sandal Cao Gót Quai Trong','a2d4d2d5-76f0-4fe8-a01c-19a4818925a5'),('5fc30db7-940f-4452-8316-850813881ecd','Mango','Bộ đồ ngủ pijama chất liệu lụa satin mướt mịn, họa tiết viền túi tinh tế, mang lại giấc ngủ trọn vẹn và êm ái.',1150000,1150000,'Bộ Pijama Lụa Sang Trọng','90ba2165-1211-44d6-94fb-2cfd0a6ade61'),('62e2446f-e4c9-412f-bc16-eed406cf94c1','Nike','Túi đựng đồ tập dung tích lớn từ vải dù nylon chống thấm, ngăn đựng giày riêng biệt cho người tập gym.',950000,950000,'Túi Trống Thể Thao Gym','52ca35f3-79af-4540-a81d-9b02c9ff7e82'),('6658b6e2-36f0-432b-b570-37c4078139ef','Puma','Quần short thể thao 2 lớp tích hợp quần lót ôm sát bên trong từ thun lạnh, túi khóa zip tiện lợi đựng điện thoại.',750000,750000,'Quần Short Tập Gym Nam','52ca35f3-79af-4540-a81d-9b02c9ff7e82'),('66d4b114-cbfd-4e2e-93a3-4f12209aac3a','Zara','Váy hoa nhí dáng xòe nhẹ nhàng, chất liệu voan mềm mại có lớp lót, phù hợp cho các buổi dạo phố hoặc hẹn hò.',850000,850000,'Váy Hoa Nhí Vintage','29347f9b-4b04-4aad-b116-fc54d47fe735'),('6c10301e-0250-4613-8fb5-dd62513ee8c0','Zara','Váy maxi dài chấm gót với họa tiết nhiệt đới, chất liệu chiffon bay bổng cho những chuyến du lịch biển mùa hè.',990000,990000,'Váy Maxi Đi Biển','29347f9b-4b04-4aad-b116-fc54d47fe735'),('6c19981c-9524-4db8-96f8-8c9fee18c741','dgfggggggggggggg','gdfgdfggggggg',0.1,0.1,'ầdgdghffjgjg','90ba2165-1211-44d6-94fb-2cfd0a6ade61'),('6cecfe6c-792f-4291-80bb-607d3b170822','Adidas','Thiết kế sneaker phom thấp từ da bò thật phối da lộn, đế đệm bằng cao su dẻo, mang đậm nét cổ điển cho đi chơi.',3150000,3150000,'Giày Sneaker Forum Low','a2d4d2d5-76f0-4fe8-a01c-19a4818925a5'),('6d717707-5bfb-412e-a01b-0c2832d1e871','Uniqlo','Áo khoác denim chất liệu bò 100% cotton bền đẹp theo thời gian, phong cách bụi bặm, dễ phối đồ tầng lớp (layering).',1650000,1650000,'Áo Khoác Denim Classic','3b5cd899-246e-4dd7-a253-f5c612530bfc'),('7096c319-a0ca-4e10-b874-63995ea1b783','Adidas','Thiết kế trắng tối giản từ da bò thật cao cấp, biểu tượng 3 sọc đục lỗ, phù hợp cho mọi lứa tuổi đi học đi làm.',2650000,2650000,'Giày Stan Smith Classic','a2d4d2d5-76f0-4fe8-a01c-19a4818925a5'),('70d6c548-41e5-488c-bfd5-7d5fab6df89b','Zara','Áo khoác dáng dài từ vải gabardine chống thấm nước nhẹ, thiết kế cổ điển với hàng cúc kép, biểu tượng của sự thanh lịch.',3200000,3200000,'Áo Khoác Trench Coat','3b5cd899-246e-4dd7-a253-f5c612530bfc'),('70eb3cf5-e724-4480-9667-b1fff386d02b','Levi\'s','Dáng quần ôm vừa vặn từ hông xuống cổ chân, chất liệu denim 98% cotton co giãn giúp cử động thoải mái.',1850000,1850000,'Quần Jean Slim Fit 511','3e9d83d9-4aaf-4e42-9ca0-fda5fce8935f'),('783c2f99-648a-4501-997b-0838b38e1fbb','Nike','Quần short chạy bộ siêu nhẹ từ vải dù micro-fiber, có lớp lót trong khô nhanh và túi chìa khóa ẩn.',690000,690000,'Quần Short Chạy Bộ Nam','52ca35f3-79af-4540-a81d-9b02c9ff7e82'),('78dd7467-7195-4bb8-af26-8cef94ed93e1','Zara','Kiểu dáng váy ngắn vải dạ tweed dày dặn, phối nút đồng nổi bật, mang lại vẻ ngoài cổ điển và quý phái.',1850000,1850000,'Váy Dạ Tweed Sang Chảnh','29347f9b-4b04-4aad-b116-fc54d47fe735'),('7ce01824-94db-4c0e-9550-0a6dcce54906','Uniqlo','Áo sơ mi vải oxford dệt dày dặn từ 100% cotton, phom dáng slim-fit truyền thống phù hợp cho mọi hoàn cảnh.',490000,490000,'Áo Sơ Mi Cotton Oxford','61f1088e-d5a3-4013-81ee-86b70cec3098'),('80e11e7f-cc8b-40da-b600-dab315612a3e','Uniqlo','Áo khoác gió siêu nhẹ làm từ 100% nylon, chống thấm nước và cản gió tốt, có thể gấp gọn trong túi tiện lợi khi đi du lịch.',790000,790000,'Áo Khoác Gió Ultra Light','3b5cd899-246e-4dd7-a253-f5c612530bfc'),('83cb5550-1bdf-464c-b0e4-9b4d1c27a802','Charles & Keith','Thiết kế giày gót nhọn cổ điển từ da PU cao cấp bóng nhẹ, độ cao 7cm giúp tôn dáng trong các buổi tiệc.',1250000,1250000,'Giày Cao Gót Mũi Nhọn','a2d4d2d5-76f0-4fe8-a01c-19a4818925a5'),('84bea7ab-810a-4e0e-8400-005aa9279445','The North Face','Balo leo núi từ vải dù ripstop siêu bền, hệ thống quai đeo trợ lực đệm êm, dung tích lớn cho chuyến thám hiểm.',3250000,3250000,'Balo Leo Núi Chuyên Dụng','eb0f9468-f640-4ac3-85dd-fc1618d01e87'),('898d520d-98d3-41c7-a02b-7c08811dd721','Levi\'s','Quần jean phom baggy từ vải denim 100% cotton thô, phong cách cổ điển thập niên 90 cho giới trẻ.',1650000,1650000,'Quần Jean Baggy Nam','3e9d83d9-4aaf-4e42-9ca0-fda5fce8935f'),('8c97bd57-72a0-4c48-b770-9799221abad8','Zara','Áo khoác da PU cao cấp với chi tiết khóa kéo kim loại cá tính, form áo ôm sát mang lại vẻ ngoài mạnh mẽ cho biker.',2250000,2250000,'Áo Khoác Da Biker','3b5cd899-246e-4dd7-a253-f5c612530bfc'),('8d497794-7a69-4ee0-9ca3-d38da8a1fe20','H&M','Quần tây ống đứng li cứng cáp từ vải lanh pha poly không nhăn, mang lại vẻ ngoài chuyên nghiệp cho quý ông.',950000,950000,'Quần Tây Công Sở Âu','3e9d83d9-4aaf-4e42-9ca0-fda5fce8935f'),('8e92e754-854f-4b45-b6c5-745d1b04a07c','The North Face','Áo khoác gió phối màu nổi bật từ 100% nylon ripstop, chống xước và chống thấm nước cho chuyến dã ngoại.',1450000,1450000,'Áo Khoác Gió Color Block','3b5cd899-246e-4dd7-a253-f5c612530bfc'),('95e64572-6c6e-4450-84c6-2963d0732ea5','Zara','Áo măng tô dạ dày dặn từ len pha poly, giữ ấm cực tốt, thiết kế khuy cài cổ điển phối cùng đai lưng thanh lịch.',2850000,2850000,'Áo Khoác Dạ Dáng Dài','3b5cd899-246e-4dd7-a253-f5c612530bfc'),('974387ec-dc84-401b-a17a-8c33a4fa665a','Mango','Chất liệu thun gân co giãn 4 chiều giúp tôn dáng triệt để, thiết kế tối giản dễ dàng phối cùng blazer hoặc phụ kiện.',750000,750000,'Váy Bodycon Ôm Sát','29347f9b-4b04-4aad-b116-fc54d47fe735'),('97a18f8b-1613-4dfd-a479-009dd59c3a5e','Zara','Blazer dáng rộng thời thượng, chất liệu vải tuyết mưa bền form, phù hợp cho phong cách tối giản hoặc trang phục công sở hiện đại.',1950000,1950000,'Áo Blazer Oversized','3b5cd899-246e-4dd7-a253-f5c612530bfc'),('985929b7-a7f2-479b-9d76-584d1f8d370e','H&M','Thiết kế váy ngủ hai dây từ lụa tổng hợp bóng, phối ren ngực điệu đà, mang đến vẻ đẹp nhẹ nhàng cuốn hút.',650000,650000,'Váy Ngủ Hai Dây Quyến Rũ','90ba2165-1211-44d6-94fb-2cfd0a6ade61'),('98d2492d-be1a-463a-9106-4bf80b9a5f20','Zara','Áo hoodie từ nỉ bông dày dặn, in hình graphic nghệ thuật trước ngực, mang đậm phong cách đường phố trẻ trung.',890000,890000,'Áo Hoodie In Graphic','61f1088e-d5a3-4013-81ee-86b70cec3098'),('99c4359a-e6b0-405c-8f16-4f4195a5dc40','Dickies','Quần short chất liệu kaki canvas bền bỉ, đường may gia cố chắc chắn, phong cách workwear nam tính.',650000,650000,'Quần Short Kaki Chino','3e9d83d9-4aaf-4e42-9ca0-fda5fce8935f'),('9f999813-329c-4dd3-b946-2e9a63153ca0','Nike','Quần jogger phom dáng ôm gọn gàng từ chất liệu thun nỉ nhẹ cao cấp, phù hợp cả khi tập luyện lẫn dạo phố.',1350000,1350000,'Quần Jogger Thể Thao Nữ','52ca35f3-79af-4540-a81d-9b02c9ff7e82'),('a30ca466-4158-4847-8804-2005390d33f0','Adidas','Sandal quai dán từ sợi nylon bền chắc, đế từ cao su nén có rãnh thoát nước, cực kỳ phù hợp cho chuyến lội suối.',1150000,1150000,'Giày Sandal Thể Thao','a2d4d2d5-76f0-4fe8-a01c-19a4818925a5'),('a3701480-9eba-4ef6-8b05-bdf6b86fff74','Dickies','Quần short kaki từ cotton pha spandex cho độ co giãn nhẹ, thiết kế túi sau sâu tiện dụng cho đi chơi.',550000,550000,'Quần Short Kaki Co Giãn','3e9d83d9-4aaf-4e42-9ca0-fda5fce8935f'),('a5593952-c67e-4c71-ab1f-a73796c4282c','Uniqlo','Chất liệu thun lạnh cao cấp từ sợi tổng hợp, bề mặt trơn nhẵn và mát, thấm hút mồ hôi tốt cho giấc ngủ hè.',550000,550000,'Bộ Đồ Thun Lạnh Mùa Hè','90ba2165-1211-44d6-94fb-2cfd0a6ade61'),('a5fbdb50-64e1-4655-a198-1315286e66e7','Charles & Keith','Túi xách dáng xô từ da bò tổng hợp dập vân, khóa dây rút cá tính, phù hợp cho trang phục dạo phố cuối tuần.',1650000,1650000,'Túi Xách Dáng Bucket','eb0f9468-f640-4ac3-85dd-fc1618d01e87'),('a7f2d909-2078-4695-9322-563e8edd6a56','Adidas','Váy thun cổ bẻ (polo) trẻ trung, chất liệu cotton piqué thoáng khí, thích hợp cho các hoạt động ngoài trời nhẹ nhàng.',1100000,1100000,'Váy Polo Thể Thao','29347f9b-4b04-4aad-b116-fc54d47fe735'),('a99ceaa5-fbe6-44a0-b71a-6b3a6c9633bb','Gucci','Ví ngang nhiều ngăn đựng thẻ từ da bê dập vân cá sấu tinh xảo, phụ kiện sang trọng để đựng tiền mặt.',5250000,5250000,'Ví Cầm Tay Da Cá Sấu','eb0f9468-f640-4ac3-85dd-fc1618d01e87'),('ab3d4dbf-8c41-4d8b-8e7c-ab548035aa7b','Zara','Túi tote đựng đồ kích thước lớn từ vải canvas 100% cotton, in họa tiết nghệ thuật đặc sắc cho đi làm hàng ngày.',350000,350000,'Túi Tote Canvas In Hình','eb0f9468-f640-4ac3-85dd-fc1618d01e87'),('ae4dc04c-4136-45b2-bc30-fc0d47e65714','H&M','Áo hoodie dáng rộng phong cách đường phố từ vải nỉ bông dày dặn, phù hợp cho cả nam và nữ đi chơi dạo phố.',750000,750000,'Áo Hoodie Oversize Street','61f1088e-d5a3-4013-81ee-86b70cec3098'),('afc259ed-81db-47a7-8d2b-659f5bf2dcb4','Uniqlo','Bộ trang phục thun 100% cotton thoáng mát, phom dáng thoải mái tối ưu cho mọi hoạt động nghỉ ngơi tại gia.',490000,490000,'Bộ Đồ Mặc Nhà Cotton Basic','90ba2165-1211-44d6-94fb-2cfd0a6ade61'),('b1d20b3e-949e-4758-8f4e-703dfbe93ddc','Dickies','Quần khaki phom ôm từ vải chéo 100% cotton bền màu, phù hợp phối với áo sơ mi cho môi trường công sở chuyên nghiệp.',1100000,1100000,'Quần Khaki Slim Fit','3e9d83d9-4aaf-4e42-9ca0-fda5fce8935f'),('b45a6716-a872-45f7-b592-b51a75d7c18f','Nike','Đế đệm Air lộ rõ cực êm, thân giày từ vải lưới thoáng khí dệt kỹ thuật, phom dáng hiện đại cho người yêu thể thao.',3950000,3950000,'Giày Sneaker Air Max','a2d4d2d5-76f0-4fe8-a01c-19a4818925a5'),('b83698c3-b8a8-47c6-8005-8277bfc2dc16','Mango','Váy ngủ phom suông rộng từ lụa satin phối ren cao cấp ở gấu váy, mang lại vẻ gợi cảm cho phái nữ.',890000,890000,'Váy Ngủ Lụa Phối Ren','90ba2165-1211-44d6-94fb-2cfd0a6ade61'),('b97c44c4-08ac-4e61-9d38-8656a503de81','Zara','Áo khoác dạ tweed phom ngắn từ len tổng hợp dày dặn, lót lụa mềm, mang lại vẻ ngoài thanh lịch cho quý cô.',1950000,1950000,'Áo Khoác Dạ Tweed Nữ','3b5cd899-246e-4dd7-a253-f5c612530bfc'),('bb05ccb8-3b6c-42c9-a8f4-b21d264618c6','H&M','Quần ôm legging chất liệu thun interlock co giãn cao từ polyester pha spandex, tối ưu cho các hoạt động tập luyện.',850000,850000,'Quần Legging Thể Thao','3e9d83d9-4aaf-4e42-9ca0-fda5fce8935f'),('c45e4db7-2dc6-41d5-af88-380b2a22982d','Levi\'s','Chất liệu denim dày dặn, bền bỉ với thiết kế yếm trẻ trung, dễ dàng kết hợp cùng áo thun hoặc áo sơ mi bên trong.',1450000,1450000,'Váy Yếm Jean Năng Động','29347f9b-4b04-4aad-b116-fc54d47fe735'),('ca2b1bca-a4ca-452b-ad5a-7ef1759d2474','Dickies','Thiết kế quần túi hộp (cargo) hầm hố từ chất vải canvas chịu lực, phong cách street style cho người yêu thích vận động.',1250000,1250000,'Quần Cargo Nhiều Túi','3e9d83d9-4aaf-4e42-9ca0-fda5fce8935f'),('ce99c11e-22f3-4314-8ec4-bff442bd590c','Gucci','Túi xách đeo vai từ da bò hạt cao cấp, khóa kim loại mạ vàng sang trọng, ngăn chứa rộng rãi cho đi làm.',12500000,12500000,'Túi Xách Da Đeo Vai','eb0f9468-f640-4ac3-85dd-fc1618d01e87'),('cf0fd451-d5fe-4623-8382-92749dfff3ae','Mango','Kiểu dáng váy ngủ suông rộng từ chất liệu lụa satin cao cấp, không gây gò bó, mang lại giấc ngủ say.',790000,790000,'Váy Ngủ Lụa Dáng Suông','90ba2165-1211-44d6-94fb-2cfd0a6ade61'),('cf9a14e0-bf8e-4805-b20c-8ea7eea1f180','Adidas','Phom dáng retro từ da mềm phối da lộn, đế gum màu nâu chống trượt, biểu tượng phong cách cho giới trẻ.',3250000,3250000,'Giày Sneaker Samba OG','a2d4d2d5-76f0-4fe8-a01c-19a4818925a5'),('d3655e37-2704-47e3-80a8-cee26ea7c009','Uniqlo','Áo thun cổ tròn chất liệu Supima cotton thượng hạng, cực kỳ mềm mịn và giữ phom tốt sau nhiều lần giặt.',290000,290000,'Áo Thun Basic Cotton','61f1088e-d5a3-4013-81ee-86b70cec3098'),('e450c798-488b-4768-ba8b-e0396fe82219','The North Face','Thiết kế bomber thể thao năng động với chất liệu satin lụa bóng nhẹ, cổ tay và gấu áo bo thun chắc chắn chống gió lùa.',1850000,1850000,'Áo Bomber Satin','3b5cd899-246e-4dd7-a253-f5c612530bfc'),('e55a58f2-f4a7-453a-952b-63cff2268198','Mango','Họa tiết kẻ caro năng động trên nền vải cotton dệt bền bỉ, mang lại sự chỉn chu ngay cả khi ở nhà nghỉ ngơi.',750000,750000,'Bộ Pijama Kẻ Caro','90ba2165-1211-44d6-94fb-2cfd0a6ade61'),('e8353e1f-f9b4-423b-8660-7258f7e5dd5b','Zara','Balo chất liệu vải canvas dày dặn chịu lực, ngăn chứa laptop 14 inch, phù hợp cho học sinh đi học hàng ngày.',1250000,1250000,'Balo Canvas Thời Trang','eb0f9468-f640-4ac3-85dd-fc1618d01e87'),('eaf8958e-6aa1-47e5-afb9-a304d1870216','Mango','Thiết kế váy hai dây quyến rũ trên nền vải lụa satin cao cấp, tôn vinh đường nét cơ thể trong các sự kiện sang trọng.',1250000,1250000,'Váy Dự Tiệc Lụa Satin','29347f9b-4b04-4aad-b116-fc54d47fe735'),('ec5c53e1-65b2-4a53-86bf-c483407e95a9','Zara','Họa tiết hoa lá xinh xắn trên nền vải cotton dệt mềm mại, mang đến vẻ tươi trẻ khi mặc ở nhà vào cuối tuần.',590000,590000,'Bộ Đồ Mặc Nhà Họa Tiết','90ba2165-1211-44d6-94fb-2cfd0a6ade61'),('ec6d7fa9-01a1-43af-bb00-b035822cafb4','Uniqlo','Áo nỉ chui đầu cổ tròn từ vải nỉ da cá thoáng khí, phom thoải mái, thích hợp cho trang phục mặc hàng ngày vào mùa thu.',590000,590000,'Áo Sweatshirt Casual','61f1088e-d5a3-4013-81ee-86b70cec3098'),('ecc4f08d-68b0-4245-bd62-d7058e81a7b4','H&M','Quần culottes ống rộng ngang bắp chân từ sợi lanh linen tự nhiên mát mẻ, lý tưởng cho những ngày hè oi bức.',890000,890000,'Quần Culottes Vải Linen','3e9d83d9-4aaf-4e42-9ca0-fda5fce8935f'),('ee0f0f15-01c2-4d21-ba63-db2ffaac8703','H&M','Thắt lưng vải canvas polyester bền bỉ, mặt khóa kim loại dạng trượt, phù hợp với quần jean năng động.',250000,250000,'Thắt Lưng Vải Canvas','eb0f9468-f640-4ac3-85dd-fc1618d01e87'),('f1b72454-5003-44ed-a445-37d49aae3949','Charles & Keith','Gọng kính từ nhựa acetate đen bóng bền bỉ, tròng kính phân cực chống lóa hiệu quả cho lái xe.',850000,850000,'Kính Mát Gọng Vuông','eb0f9468-f640-4ac3-85dd-fc1618d01e87'),('f2b8d7d7-d3e4-4efa-b431-22622f1187e1','H&M','Áo crop top cổ vuông từ chất liệu thun gân polyester co giãn, phong cách trẻ trung cá tính phối cùng quần lưng cao.',350000,350000,'Áo Crop Top Gân','61f1088e-d5a3-4013-81ee-86b70cec3098'),('f3141486-1155-45ba-b8c2-a73449f65d63','Nike','Dép đúc nguyên khối từ nhựa EVA siêu nhẹ, chống nước hoàn toàn, đế có rãnh chống trượt cho hồ bơi.',850000,850000,'Dép Quai Ngang Đúc','a2d4d2d5-76f0-4fe8-a01c-19a4818925a5'),('f67e4567-8860-4bd6-a58a-2cb4722a19a3','Adidas','Áo thun công nghệ làm mát Climalite từ sợi polyester dệt kim, giúp duy trì thân nhiệt ổn định khi luyện tập.',650000,650000,'Áo Thun Thể Thao Mát Lạnh','52ca35f3-79af-4540-a81d-9b02c9ff7e82'),('f8cbb539-d990-4619-91b1-051b547db2b3','Levi\'s','Dáng quần jean baggy ống rộng thời thượng từ denim 100% cotton, lưng cao tôn dáng trong màu xanh sky cổ điển.',1450000,1450000,'Quần Jean Ống Rộng Nữ','3e9d83d9-4aaf-4e42-9ca0-fda5fce8935f'),('fb59d4e6-5db9-464d-a56b-8499a6ba7dd9','Adidas','Bộ đồ tập từ vải thun tái chế cao cấp, họa tiết in 3D hiện đại, phom ôm tôn dáng cho người tập yoga chuyên nghiệp.',1850000,1850000,'Bộ Đồ Tập Yoga In Họa Tiết','52ca35f3-79af-4540-a81d-9b02c9ff7e82'),('fd74acdb-e125-47bc-9689-63e79b11a1e9','Charles & Keith','Giày lười trang trí khóa xích kim loại từ da tổng hợp mịn, phù hợp cho trang phục công sở hiện đại.',1450000,1450000,'Giày Lười Loafer Nữ','a2d4d2d5-76f0-4fe8-a01c-19a4818925a5'),('fe5a9012-509e-4376-837c-bee800613717','Nike','Giày đá bóng chuyên dụng từ sợi Flyknit ôm chân, đinh dăm bám sân cỏ nhân tạo, hỗ trợ kiểm soát bóng.',3850000,3850000,'Giày Đá Bóng Phantom','a2d4d2d5-76f0-4fe8-a01c-19a4818925a5'),('ff04a2ea-d01a-4582-87d7-c816c0eb433c','Uniqlo','Quần ngủ lẻ chất cotton mềm mịn, lưng thun co giãn không gây lằn da, phù hợp mặc ngủ thoải mái.',250000,250000,'Quần Đùi Ngủ Cotton','90ba2165-1211-44d6-94fb-2cfd0a6ade61'),('ff7fa9d5-6565-479d-b1c5-1c8bc0ecff3f','Gucci','Thắt lưng làm từ da bò nguyên miếng cao cấp, mặt khóa kim loại mạ vàng sang trọng với logo đặc trưng cho sự quý phái.',8500000,8500000,'Thắt Lưng Da Khóa Kim','eb0f9468-f640-4ac3-85dd-fc1618d01e87');
/*!40000 ALTER TABLE `product` ENABLE KEYS */;
UNLOCK TABLES;

--
-- Table structure for table `product_image`
--

DROP TABLE IF EXISTS `product_image`;
/*!40101 SET @saved_cs_client     = @@character_set_client */;
/*!50503 SET character_set_client = utf8mb4 */;
CREATE TABLE `product_image` (
  `id` varchar(255) NOT NULL,
  `image_url` varchar(255) DEFAULT NULL,
  `product_id` varchar(255) NOT NULL,
  PRIMARY KEY (`id`),
  KEY `FK6oo0cvcdtb6qmwsga468uuukk` (`product_id`),
  CONSTRAINT `FK6oo0cvcdtb6qmwsga468uuukk` FOREIGN KEY (`product_id`) REFERENCES `product` (`id`)
) ENGINE=InnoDB DEFAULT CHARSET=utf8mb4 COLLATE=utf8mb4_0900_ai_ci;
/*!40101 SET character_set_client = @saved_cs_client */;

--
-- Dumping data for table `product_image`
--

LOCK TABLES `product_image` WRITE;
/*!40000 ALTER TABLE `product_image` DISABLE KEYS */;
INSERT INTO `product_image` VALUES ('00925c75-5e87-454c-96df-29f21d7d1e24','https://images.unsplash.com/photo-1511499767390-91f197606028?auto=format&fit=crop&q=80&w=800','026b8f7b-9d62-406d-b4b5-ad0766a5feda'),('0118b6b1-339f-4569-bcf4-61a0e38cfb47','https://images.unsplash.com/photo-1580487212485-867cbd8e50f8?auto=format&fit=crop&q=80&w=800','227faf47-5743-4e03-93d8-2c4747531837'),('01f36dc0-6cc5-4a8a-9e7f-f2449dee9b26','https://images.unsplash.com/photo-1434494878577-86c23bcb06b9?auto=format&fit=crop&q=80&w=800','074af4fa-2373-4594-af09-4635672caa84'),('0208f27d-f78f-4cd5-909c-1ae088705159','https://images.unsplash.com/photo-1523381210434-271e8be1f52b?auto=format&fit=crop&q=80&w=800','ff04a2ea-d01a-4582-87d7-c816c0eb433c'),('025d34f6-87e1-4397-96ff-f96fc0185504','https://images.unsplash.com/photo-1543132220-4bf3de6e10ae?auto=format&fit=crop&q=80&w=800','6d717707-5bfb-412e-a01b-0c2832d1e871'),('040464ec-4854-4c55-8468-2dd827d83eb4','https://images.unsplash.com/photo-1542291026-7eec264c27ff?auto=format&fit=crop&q=80&w=800','3c39f920-ffe0-4de9-8f20-027482893586'),('0436d17f-f927-400c-beee-563ab895ee54','https://images.unsplash.com/photo-1543163521-1bf539c55dd2?auto=format&fit=crop&q=80&w=800','4dad08a3-f67a-4a80-bee9-0e2976850458'),('04e11a27-731a-4a18-b68f-01188cefac6c','https://images.unsplash.com/photo-1548036328-c9fa89d128fa?auto=format&fit=crop&q=80&w=800','a99ceaa5-fbe6-44a0-b71a-6b3a6c9633bb'),('054ffef9-3c83-4072-ba7e-baa296390c0c','https://images.unsplash.com/photo-1580748141549-71748d60bdc7?auto=format&fit=crop&q=80&w=800','70d6c548-41e5-488c-bfd5-7d5fab6df89b'),('05f3b77a-17c5-421d-a946-9fc6026504f4','https://images.unsplash.com/photo-1515886657613-9f3515b0c78f?auto=format&fit=crop&q=80&w=800','fb59d4e6-5db9-464d-a56b-8499a6ba7dd9'),('06638cce-04be-49ec-9bd3-90f08442b9ee','https://images.unsplash.com/photo-1553062407-98eeb64c6a62?auto=format&fit=crop&q=80&w=800','30c4b7eb-2366-462e-be69-379778fedd7a'),('06cf7555-7016-47cf-a809-c9d13876efb1','https://images.unsplash.com/photo-1606107557195-0e29a4b5b4aa?auto=format&fit=crop&q=80&w=800','6cecfe6c-792f-4291-80bb-607d3b170822'),('07dd5cd3-951a-4f80-b9c2-79216baeb17f','https://images.unsplash.com/photo-1509942774463-acf339cf67d5?auto=format&fit=crop&q=80&w=800','0fbd50af-473d-4715-9941-0b33bab46bf9'),('07f01820-847f-402f-93a9-f27b10d5a643','https://images.unsplash.com/photo-1523381210434-271e8be1f52b?auto=format&fit=crop&q=80&w=800','f2b8d7d7-d3e4-4efa-b431-22622f1187e1'),('084b2b05-ecac-49e0-b65f-ca28ea7f6652','https://images.unsplash.com/photo-1551488831-00ddcb6c6bd3?auto=format&fit=crop&q=80&w=800','34515573-0f8e-4385-9c2d-666d23857d7e'),('08a0ef6c-11c1-4953-973c-182b20154784','https://images.unsplash.com/photo-1588850561407-ed78c282e89b?auto=format&fit=crop&q=80&w=800','30c4b7eb-2366-462e-be69-379778fedd7a'),('0a276fb7-75fd-43fe-a704-149067ffb723','https://images.unsplash.com/photo-1496747611176-843222e1e57c?auto=format&fit=crop&q=80&w=800','170aa39b-76d9-4e17-9f00-2648e0c28deb'),('0a546d38-b757-4cae-ac92-c11e2d53123b','https://images.unsplash.com/photo-1509942774463-acf339cf67d5?auto=format&fit=crop&q=80&w=800','98d2492d-be1a-463a-9106-4bf80b9a5f20'),('0b7f79b0-a898-46f9-9728-2985df22a822','https://images.unsplash.com/photo-1548036328-c9fa89d128fa?auto=format&fit=crop&q=80&w=800','ff7fa9d5-6565-479d-b1c5-1c8bc0ecff3f'),('0c07f973-3816-461a-aa0c-f0c48dc011a2','https://images.unsplash.com/photo-1556821840-3a63f95609a7?auto=format&fit=crop&q=80&w=800','98d2492d-be1a-463a-9106-4bf80b9a5f20'),('0c467462-e183-4521-b75a-6a2c02dfdf76','https://images.unsplash.com/photo-1483721310020-03333e577078?auto=format&fit=crop&q=80&w=800','62e2446f-e4c9-412f-bc16-eed406cf94c1'),('0c4752a9-f699-49f0-849b-fa327683b0cb','https://images.unsplash.com/photo-1543163521-1bf539c55dd2?auto=format&fit=crop&q=80&w=800','83cb5550-1bdf-464c-b0e4-9b4d1c27a802'),('0cffc082-67d5-49f5-8733-750140e48f49','https://images.unsplash.com/photo-1473966968600-fa801b869a1a?auto=format&fit=crop&q=80&w=800','ecc4f08d-68b0-4245-bd62-d7058e81a7b4'),('0d620226-6ed3-4c4b-bedd-e6ca1581499e','https://images.unsplash.com/photo-1512436991641-6745cdb1723f?auto=format&fit=crop&q=80&w=800','5fc30db7-940f-4452-8316-850813881ecd'),('0dd97968-17f9-47ec-b49f-d57abc41c2f9','https://images.unsplash.com/photo-1506629082925-634bd8c14f27?auto=format&fit=crop&q=80&w=800','bb05ccb8-3b6c-42c9-a8f4-b21d264618c6'),('0e4770d4-3c08-4798-b005-caa0e08db281','https://images.unsplash.com/photo-1511130523295-e914c58ee3bc?auto=format&fit=crop&q=80&w=800','420ab440-0b24-4474-a6f4-1afcda3086f7'),('0e9e7f18-45a4-407a-b5a8-03a751d48091','https://images.unsplash.com/photo-1434494878577-86c23bcb06b9?auto=format&fit=crop&q=80&w=800','1d6424bc-fff7-47d8-8426-8b3f7996b6f6'),('0ed0cc27-4416-4487-b6dd-4eeb5e94213b','https://images.unsplash.com/photo-1539106602058-c09dec524e9f?auto=format&fit=crop&q=80&w=800','2086653f-e611-43e3-8987-f69ef03918d8'),('10472d11-d71a-4efd-af3f-1a2608df590d','https://images.unsplash.com/photo-1553062407-98eeb64c6a62?auto=format&fit=crop&q=80&w=800','62e2446f-e4c9-412f-bc16-eed406cf94c1'),('10c55f82-be04-4c13-93a7-eeb2bea64f25','https://images.unsplash.com/photo-1525966222134-fcfa99b8ae77?auto=format&fit=crop&q=80&w=800','24e9a912-602e-43c6-a5a2-c114a67ee4e9'),('11faad4b-3885-4c6f-bfea-d45e7cf1a8fd','https://images.unsplash.com/photo-1521369909029-2afed882baee?auto=format&fit=crop&q=80&w=800','2823b9f8-a827-4248-adec-433738bcece3'),('1242c81a-e2f2-4850-b273-037004145341','https://images.unsplash.com/photo-1595950653106-6c9ebd614d3a?auto=format&fit=crop&q=80&w=800','f3141486-1155-45ba-b8c2-a73449f65d63'),('13c6205d-705b-4782-8e28-36de0af7ea3f','https://images.unsplash.com/photo-1595777457583-95e059d581b8?auto=format&fit=crop&q=80&w=800','985929b7-a7f2-479b-9d76-584d1f8d370e'),('146830b6-b635-493f-be77-a79838680d6c','https://images.unsplash.com/photo-1586790170083-2f9ceadc732d?auto=format&fit=crop&q=80&w=800','074216a9-62ef-4297-bfc4-56358f0c75b4'),('146a40a1-dadc-4253-8584-a6d968fd9623','https://images.unsplash.com/photo-1541099649105-f69ad21f3246?auto=format&fit=crop&q=80&w=800','a3701480-9eba-4ef6-8b05-bdf6b86fff74'),('14ac03da-92bd-4c42-a81f-8490e2d76058','https://images.unsplash.com/photo-1549298916-b41d501d3772?auto=format&fit=crop&q=80&w=800','6cecfe6c-792f-4291-80bb-607d3b170822'),('1518c904-0b6e-4385-872f-264f783bfedd','https://images.unsplash.com/photo-1549298916-b41d501d3772?auto=format&fit=crop&q=80&w=800','3fcfcd86-09b9-4adc-ba2e-7aed0de83155'),('152f34e2-2f50-4d2c-87d6-ec28bdbc5a7d','https://images.unsplash.com/photo-1518310383802-640c2de311b2?auto=format&fit=crop&q=80&w=800','037864ea-1fc9-4a98-ad96-73c7031b4b64'),('15904719-117c-4d46-aeb9-5c5bd83c35c5','https://images.unsplash.com/photo-1551028719-00167b16eac5?auto=format&fit=crop&q=80&w=800','6d717707-5bfb-412e-a01b-0c2832d1e871'),('16dc8726-6426-4969-b7ce-7b4438c8dfc9','https://images.unsplash.com/photo-1552674605-db6ffd4facb5?auto=format&fit=crop&q=80&w=800','783c2f99-648a-4501-997b-0838b38e1fbb'),('185622bb-c2d8-454b-b1ec-40d052cb2503','https://images.unsplash.com/photo-1586790170083-2f9ceadc732d?auto=format&fit=crop&q=80&w=800','d3655e37-2704-47e3-80a8-cee26ea7c009'),('18cf5c23-bede-4f44-8700-af0f509d82ae','https://images.unsplash.com/photo-1525966222134-fcfa99b8ae77?auto=format&fit=crop&q=80&w=800','cf9a14e0-bf8e-4805-b20c-8ea7eea1f180'),('18d3dc95-c62e-4885-b5fa-9f6cfe9941b2','https://images.unsplash.com/photo-1515886657613-9f3515b0c78f?auto=format&fit=crop&q=80&w=800','141187aa-eb73-43a2-9be3-afa93b962c46'),('1a26dbb2-85b6-41bf-b9d5-9ee47b9ebc93','https://images.unsplash.com/photo-1549298916-b41d501d3772?auto=format&fit=crop&q=80&w=800','24e9a912-602e-43c6-a5a2-c114a67ee4e9'),('1abfcf79-8bd4-4bb9-a772-a327ed9c7485','https://images.unsplash.com/photo-1566150905458-1f5ec173d843?auto=format&fit=crop&q=80&w=800','06b0c255-6c1c-4fd6-82c0-d88f3eba7d40'),('1b36bcec-6550-4f66-b6e3-bfa3c9e71c7e','https://images.unsplash.com/photo-1553062407-98eeb64c6a62?auto=format&fit=crop&q=80&w=800','ab3d4dbf-8c41-4d8b-8e7c-ab548035aa7b'),('1cbba060-f343-4803-a4d5-06552ab938bb','https://images.unsplash.com/photo-1483721310020-03333e577078?auto=format&fit=crop&q=80&w=800','9f999813-329c-4dd3-b946-2e9a63153ca0'),('1df94d04-6653-4aba-ad6b-0179b99793f3','https://images.unsplash.com/photo-1591195853828-11db59a44f6b?auto=format&fit=crop&q=80&w=800','a3701480-9eba-4ef6-8b05-bdf6b86fff74'),('1e275351-8ee0-4b68-a150-883f1cd6600e','https://images.unsplash.com/photo-1560072810-1cffb09faf0f?auto=format&fit=crop&q=80&w=800','30c4b7eb-2366-462e-be69-379778fedd7a'),('1f90638c-0b10-48ec-8e15-dca25800ec93','https://images.unsplash.com/photo-1534033641121-1231996677ab?auto=format&fit=crop&q=80&w=800','974387ec-dc84-401b-a17a-8c33a4fa665a'),('203f74a9-3592-4d17-9088-d36c5fc54469','https://images.unsplash.com/photo-1518310383802-640c2de311b2?auto=format&fit=crop&q=80&w=800','fb59d4e6-5db9-464d-a56b-8499a6ba7dd9'),('2058aa09-5a70-45b1-8f26-a245539a6554','https://images.unsplash.com/photo-1611312449412-6cefac5dc3e4?auto=format&fit=crop&q=80&w=800','38c10fae-c326-4117-a9f1-438c47086a1b'),('20c057df-a96d-4ada-839e-dc6be53a404a','https://images.unsplash.com/photo-1584917865442-de89df76afd3?auto=format&fit=crop&q=80&w=800','ce99c11e-22f3-4314-8ec4-bff442bd590c'),('20d4e6ed-ab89-48bb-b11a-afd4d4e7c84a','https://images.unsplash.com/photo-1611312449412-6cefac5dc3e4?auto=format&fit=crop&q=80&w=800','6d717707-5bfb-412e-a01b-0c2832d1e871'),('22c02e87-a15a-4239-ba7b-721a100a5d1e','https://images.unsplash.com/photo-1506629082925-634bd8c14f27?auto=format&fit=crop&q=80&w=800','8d497794-7a69-4ee0-9ca3-d38da8a1fe20'),('22d60909-0826-4c21-80ed-7678402304de','https://images.unsplash.com/photo-1473496169904-658ba7c44d8a?auto=format&fit=crop&q=80&w=800','34515573-0f8e-4385-9c2d-666d23857d7e'),('22d99ae5-887b-48ea-8de0-91e84c45ed95','https://images.unsplash.com/photo-1483721310020-03333e577078?auto=format&fit=crop&q=80&w=800','783c2f99-648a-4501-997b-0838b38e1fbb'),('22ffcee8-8ded-4372-b348-f899c6d267a9','https://images.unsplash.com/photo-1523381210434-271e8be1f52b?auto=format&fit=crop&q=80&w=800','074216a9-62ef-4297-bfc4-56358f0c75b4'),('23675fba-3ca1-4043-9c50-dbcf89250289','https://images.unsplash.com/photo-1541099649105-f69ad21f3246?auto=format&fit=crop&q=80&w=800','b1d20b3e-949e-4758-8f4e-703dfbe93ddc'),('246dff7b-d011-4240-9f7f-623d7fcf2781','https://images.unsplash.com/photo-1552674605-db6ffd4facb5?auto=format&fit=crop&q=80&w=800','074af4fa-2373-4594-af09-4635672caa84'),('25a94393-8f9c-44d2-b892-d82d94754725','https://images.unsplash.com/photo-1598554747436-c9293d6a588f?auto=format&fit=crop&q=80&w=800','5fc30db7-940f-4452-8316-850813881ecd'),('261d389f-364d-4b29-b53e-25a114840c19','https://images.unsplash.com/photo-1523170335258-f5ed11844a49?auto=format&fit=crop&q=80&w=800','e8353e1f-f9b4-423b-8660-7258f7e5dd5b'),('267ac4d2-b28c-4436-8a57-cebcc247c0bc','https://images.unsplash.com/photo-1513258496099-48168024adb0?auto=format&fit=crop&q=80&w=800','0fbd50af-473d-4715-9941-0b33bab46bf9'),('2756aa79-ac34-484d-836a-39e331f02c52','https://images.unsplash.com/photo-1594381898411-846e7d193883?auto=format&fit=crop&q=80&w=800','6658b6e2-36f0-432b-b570-37c4078139ef'),('27827c83-dca8-42da-9643-dc31265ad1f4','https://images.unsplash.com/photo-1515372039744-b8f02a3ae446?auto=format&fit=crop&q=80&w=800','b97c44c4-08ac-4e61-9d38-8656a503de81'),('281fdf63-740b-42ba-b0c0-7748f079406a','https://images.unsplash.com/photo-1598554747436-c9293d6a588f?auto=format&fit=crop&q=80&w=800','0130a681-5e53-49da-bccb-d650580f5200'),('28ff3fa1-7064-4952-ab84-a1af906c2be2','https://images.unsplash.com/photo-1586790170083-2f9ceadc732d?auto=format&fit=crop&q=80&w=800','ec6d7fa9-01a1-43af-bb00-b035822cafb4'),('29ddab81-e361-4c5c-b9ef-e121f64a3900','https://images.unsplash.com/photo-1535043934128-cf0b28d52f95?auto=format&fit=crop&q=80&w=800','fd74acdb-e125-47bc-9689-63e79b11a1e9'),('2a240ba1-403f-4118-b512-b29ad88cc549','https://images.unsplash.com/photo-1541099649105-f69ad21f3246?auto=format&fit=crop&q=80&w=800','31599107-c54b-4a92-9c91-44d5e1ad7581'),('2b16b862-f2dc-4a97-8de6-7bad901d19bd','https://images.unsplash.com/photo-1483721310020-03333e577078?auto=format&fit=crop&q=80&w=800','037864ea-1fc9-4a98-ad96-73c7031b4b64'),('2b2fa903-2143-4a1e-b17f-d1cc55b3c097','https://images.unsplash.com/photo-1511130523295-e914c58ee3bc?auto=format&fit=crop&q=80&w=800','ecc4f08d-68b0-4245-bd62-d7058e81a7b4'),('2b35fe8f-93e6-42c8-832b-1bbd871d8565','https://images.unsplash.com/photo-1560072810-1cffb09faf0f?auto=format&fit=crop&q=80&w=800','ab3d4dbf-8c41-4d8b-8e7c-ab548035aa7b'),('2bc0d9cc-095c-4d24-9970-aed4d1250853','https://images.unsplash.com/photo-1515886657613-9f3515b0c78f?auto=format&fit=crop&q=80&w=800','6658b6e2-36f0-432b-b570-37c4078139ef'),('2d2a5e31-4785-40ce-bc00-f4ee7c8bfc19','https://images.unsplash.com/photo-1518049362265-d5b2a6467637?auto=format&fit=crop&q=80&w=800','6c10301e-0250-4613-8fb5-dd62513ee8c0'),('2d3727dd-2f2e-4d25-9e10-2365bd1b05af','https://images.unsplash.com/photo-1542291026-7eec264c27ff?auto=format&fit=crop&q=80&w=800','24e9a912-602e-43c6-a5a2-c114a67ee4e9'),('2db5b335-a81e-4727-9520-1d5f9eded3c8','https://images.unsplash.com/photo-1515886657613-9f3515b0c78f?auto=format&fit=crop&q=80&w=800','037864ea-1fc9-4a98-ad96-73c7031b4b64'),('2dd4bf9f-dbc0-4b8b-8ab5-c6b3f8135246','https://images.unsplash.com/photo-1525966222134-fcfa99b8ae77?auto=format&fit=crop&q=80&w=800','a30ca466-4158-4847-8804-2005390d33f0'),('2e293e78-ef8e-4d3d-9b18-e562f33e8aca','https://images.unsplash.com/photo-1618244972963-dbee1a7edc95?auto=format&fit=crop&q=80&w=800','80e11e7f-cc8b-40da-b600-dab315612a3e'),('2e53e09f-d396-4d7d-95fd-c3409969fc11','https://images.unsplash.com/photo-1532453288454-7565ad11663b?auto=format&fit=crop&q=80&w=800','2507eba4-3aa7-460a-b2c8-fafb0e76833e'),('2ee41726-9256-4b73-a561-60bfb844c9b8','https://images.unsplash.com/photo-1525507119028-ed4c629a60a3?auto=format&fit=crop&q=80&w=800','ecc4f08d-68b0-4245-bd62-d7058e81a7b4'),('2ee65d35-ec58-4b36-96bb-338760b726b3','https://images.unsplash.com/photo-1576871337622-98d48d1cf021?auto=format&fit=crop&q=80&w=800','2823b9f8-a827-4248-adec-433738bcece3'),('30cf2475-ad7f-42d9-a8e5-53593084d48a','https://images.unsplash.com/photo-1509942774463-acf339cf67d5?auto=format&fit=crop&q=80&w=800','ae4dc04c-4136-45b2-bc30-fc0d47e65714'),('319540f1-acb6-4b69-b6d1-e040499798a6','https://images.unsplash.com/photo-1542272604-787c3835535d?auto=format&fit=crop&q=80&w=800','c45e4db7-2dc6-41d5-af88-380b2a22982d'),('33727d2a-022b-4e5f-9b4c-322c866a5c18','https://images.unsplash.com/photo-1434494878577-86c23bcb06b9?auto=format&fit=crop&q=80&w=800','fb59d4e6-5db9-464d-a56b-8499a6ba7dd9'),('3379a8f3-aee5-4e60-8543-d225da361d1a','https://images.unsplash.com/photo-1581655353564-df123a1eb820?auto=format&fit=crop&q=80&w=800','f2b8d7d7-d3e4-4efa-b431-22622f1187e1'),('33e91770-d324-4ca9-a9f4-d8c1634cd796','https://images.unsplash.com/photo-1511130523295-e914c58ee3bc?auto=format&fit=crop&q=80&w=800','f2b8d7d7-d3e4-4efa-b431-22622f1187e1'),('3434cacd-f669-43d8-b253-a93fc3b0c406','https://images.unsplash.com/photo-1598554747436-c9293d6a588f?auto=format&fit=crop&q=80&w=800','985929b7-a7f2-479b-9d76-584d1f8d370e'),('356d176f-3701-42ac-8455-21e3cdb9febc','https://images.unsplash.com/photo-1523381210434-271e8be1f52b?auto=format&fit=crop&q=80&w=800','1c40add2-800c-427a-be75-6ccdb4fcacf4'),('35dea07e-c105-4d39-bab3-b14d29b7997c','https://images.unsplash.com/photo-1521572267360-ee0c2909d518?auto=format&fit=crop&q=80&w=800','1c40add2-800c-427a-be75-6ccdb4fcacf4'),('36a1e24d-8dcf-48ff-8f4a-7c1486abc7ae','https://images.unsplash.com/photo-1511130523295-e914c58ee3bc?auto=format&fit=crop&q=80&w=800','bb05ccb8-3b6c-42c9-a8f4-b21d264618c6'),('36e2c3a4-9a26-4e5c-839a-fff996236268','https://images.unsplash.com/photo-1554560397-c467540645fd?auto=format&fit=crop&q=80&w=800','10b7acf8-0eb8-41d2-95ef-7020759d7f92'),('36f0fe25-9ee6-48b9-a998-401a06d9b4dc','https://images.unsplash.com/photo-1511130523295-e914c58ee3bc?auto=format&fit=crop&q=80&w=800','ec5c53e1-65b2-4a53-86bf-c483407e95a9'),('3795bfb1-19fd-4f61-a46b-3f66b8bf983f','https://images.unsplash.com/photo-1591047139829-d91aec16adcd?auto=format&fit=crop&q=80&w=800','80e11e7f-cc8b-40da-b600-dab315612a3e'),('3a2957db-bb7b-4d2b-87ba-a40bc0316f0c','https://images.unsplash.com/photo-1539106602058-c09dec524e9f?auto=format&fit=crop&q=80&w=800','0130a681-5e53-49da-bccb-d650580f5200'),('3a702619-aa5f-4495-b13a-a7f40164c707','https://images.unsplash.com/photo-1563910627408-2005cb5f5a32?auto=format&fit=crop&q=80&w=800','ee0f0f15-01c2-4d21-ba63-db2ffaac8703'),('3aec318d-2e24-462f-86ad-bfc241f4c584','https://images.unsplash.com/photo-1565084888279-aff9969bb048?auto=format&fit=crop&q=80&w=800','99c4359a-e6b0-405c-8f16-4f4195a5dc40'),('3af19513-51f4-4482-aa56-b930856a90b3','https://images.unsplash.com/photo-1511130523295-e914c58ee3bc?auto=format&fit=crop&q=80&w=800','78dd7467-7195-4bb8-af26-8cef94ed93e1'),('3cc9f4ad-4600-4827-866c-de7f64473d1c','https://images.unsplash.com/photo-1515886657613-9f3515b0c78f?auto=format&fit=crop&q=80&w=800','e450c798-488b-4768-ba8b-e0396fe82219'),('3f523fb4-aa9a-4793-b9b5-94a623f9a77f','https://images.unsplash.com/photo-1624222247344-550fb8394014?auto=format&fit=crop&q=80&w=800','ff7fa9d5-6565-479d-b1c5-1c8bc0ecff3f'),('3fdd149f-7ce1-4e8c-a5e3-a70d262f6998','https://images.unsplash.com/photo-1543163521-1bf539c55dd2?auto=format&fit=crop&q=80&w=800','fd74acdb-e125-47bc-9689-63e79b11a1e9'),('3fe3bfb2-6db0-466b-8ce6-9db62fefe08c','https://images.unsplash.com/photo-1521572267360-ee0c2909d518?auto=format&fit=crop&q=80&w=800','afc259ed-81db-47a7-8d2b-659f5bf2dcb4'),('3fe4c9c6-c703-4218-bca3-0dba63638907','https://images.unsplash.com/photo-1473966968600-fa801b869a1a?auto=format&fit=crop&q=80&w=800','8d497794-7a69-4ee0-9ca3-d38da8a1fe20'),('3fff6bd8-fa82-46e4-a412-cde78f7d3b3f','https://images.unsplash.com/photo-1556821840-3a63f95609a7?auto=format&fit=crop&q=80&w=800','ec6d7fa9-01a1-43af-bb00-b035822cafb4'),('4050f538-5528-41e2-950f-56b158343dfc','https://images.unsplash.com/photo-1434494878577-86c23bcb06b9?auto=format&fit=crop&q=80&w=800','51ca4cc3-51a4-4632-a2c8-2050885eef43'),('4087e6de-a1c2-4e53-8fa3-efc04e83f91c','https://images.unsplash.com/photo-1475178626620-a4d074967452?auto=format&fit=crop&q=80&w=800','70eb3cf5-e724-4480-9667-b1fff386d02b'),('40aac383-f237-48ad-a68e-0bd0dca9a1e3','https://images.unsplash.com/photo-1496747611176-843222e1e57c?auto=format&fit=crop&q=80&w=800','985929b7-a7f2-479b-9d76-584d1f8d370e'),('418feb8d-ecdf-4a75-bafc-b86f6575ef2f','https://images.unsplash.com/photo-1554560397-c467540645fd?auto=format&fit=crop&q=80&w=800','d3655e37-2704-47e3-80a8-cee26ea7c009'),('42005358-a22b-4cbf-83a0-e1aee30940c6','https://images.unsplash.com/photo-1560072810-1cffb09faf0f?auto=format&fit=crop&q=80&w=800','84bea7ab-810a-4e0e-8400-005aa9279445'),('422f78a7-fa66-444d-9b21-56f6fec05b01','https://images.unsplash.com/photo-1606107557195-0e29a4b5b4aa?auto=format&fit=crop&q=80&w=800','7096c319-a0ca-4e10-b874-63995ea1b783'),('42456b72-90cb-4e50-a2a9-28743171a8d7','https://images.unsplash.com/photo-1521223890158-f9f7c3d5d504?auto=format&fit=crop&q=80&w=800','ae4dc04c-4136-45b2-bc30-fc0d47e65714'),('455e32a6-b947-4e59-aa87-d09acbc3300b','https://images.unsplash.com/photo-1549298916-b41d501d3772?auto=format&fit=crop&q=80&w=800','b45a6716-a872-45f7-b592-b51a75d7c18f'),('4604854d-b18e-4ff2-b887-d488f2558c16','https://images.unsplash.com/photo-1502224562085-639556652f33?auto=format&fit=crop&q=80&w=800','141187aa-eb73-43a2-9be3-afa93b962c46'),('4649309e-6f9b-4541-ac9c-c3c27599fff4','https://images.unsplash.com/photo-1539106602058-c09dec524e9f?auto=format&fit=crop&q=80&w=800','66d4b114-cbfd-4e2e-93a3-4f12209aac3a'),('466150cb-a87d-45bd-9785-c310cd02ba38','https://images.unsplash.com/photo-1523170335258-f5ed11844a49?auto=format&fit=crop&q=80&w=800','84bea7ab-810a-4e0e-8400-005aa9279445'),('4738ca4f-a430-435e-9461-430d37060b9b','https://images.unsplash.com/photo-1542291026-7eec264c27ff?auto=format&fit=crop&q=80&w=800','6cecfe6c-792f-4291-80bb-607d3b170822'),('47f79d33-bfdc-4bae-9ac7-0b1d25227035','https://images.unsplash.com/photo-1598033129183-c4f50c717658?auto=format&fit=crop&q=80&w=800','5fc30db7-940f-4452-8316-850813881ecd'),('49218fac-7a38-4594-acca-ded120f0cf01','https://images.unsplash.com/photo-1534033641121-1231996677ab?auto=format&fit=crop&q=80&w=800','1c40add2-800c-427a-be75-6ccdb4fcacf4'),('4986ae64-39db-4c3f-9466-1a73ceead905','https://images.unsplash.com/photo-1549298916-b41d501d3772?auto=format&fit=crop&q=80&w=800','3c39f920-ffe0-4de9-8f20-027482893586'),('499117be-30c2-45eb-9ef7-7d0acdfe92dd','https://images.unsplash.com/photo-1532453288454-7565ad11663b?auto=format&fit=crop&q=80&w=800','4e97e93b-2baa-4748-9da3-4dad15c8dd89'),('49e337db-ccf5-4987-8756-22cb1c1e3b73','https://images.unsplash.com/photo-1515372039744-b8f02a3ae446?auto=format&fit=crop&q=80&w=800','66d4b114-cbfd-4e2e-93a3-4f12209aac3a'),('4af37059-8060-41e5-abc3-b38120c140c1','https://images.unsplash.com/photo-1539106602058-c09dec524e9f?auto=format&fit=crop&q=80&w=800','ec5c53e1-65b2-4a53-86bf-c483407e95a9'),('4af55b96-efa4-4a0a-bb83-db3ff9b7249a','https://images.unsplash.com/photo-1525966222134-fcfa99b8ae77?auto=format&fit=crop&q=80&w=800','b45a6716-a872-45f7-b592-b51a75d7c18f'),('4b13e35f-e89c-4674-a81a-864530936bd1','https://images.unsplash.com/photo-1511130523295-e914c58ee3bc?auto=format&fit=crop&q=80&w=800','a5593952-c67e-4c71-ab1f-a73796c4282c'),('4bfdf042-d2fc-4249-a6e2-610d227257d1','https://images.unsplash.com/photo-1555689502-c4b22d76c56f?auto=format&fit=crop&q=80&w=800','31599107-c54b-4a92-9c91-44d5e1ad7581'),('4c9a2254-9f96-4162-93ce-4565734fa0a7','https://images.unsplash.com/photo-1584917865442-de89df76afd3?auto=format&fit=crop&q=80&w=800','06b0c255-6c1c-4fd6-82c0-d88f3eba7d40'),('4cd683de-a846-4d47-84c2-2ae0606e3b3a','https://images.unsplash.com/photo-1539106602058-c09dec524e9f?auto=format&fit=crop&q=80&w=800','eaf8958e-6aa1-47e5-afb9-a304d1870216'),('4cfbd523-6033-4dc0-bdbf-bdeee735e5b2','https://images.unsplash.com/photo-1515886657613-9f3515b0c78f?auto=format&fit=crop&q=80&w=800','95e64572-6c6e-4450-84c6-2963d0732ea5'),('4deeb4a3-5870-46e9-a0ce-6f84ff3fe02e','https://images.unsplash.com/photo-1612459284970-e8f027596582?auto=format&fit=crop&q=80&w=800','78dd7467-7195-4bb8-af26-8cef94ed93e1'),('4f84790f-18bd-4af5-b46e-03d26a1ddac6','https://images.unsplash.com/photo-1521572267360-ee0c2909d518?auto=format&fit=crop&q=80&w=800','4eb5878c-d9e2-4b86-b5f9-74a03565ef3d'),('4fefceab-7165-4325-9f67-cd2fd9d7ac7d','https://images.unsplash.com/photo-1548036328-c9fa89d128fa?auto=format&fit=crop&q=80&w=800','026b8f7b-9d62-406d-b4b5-ad0766a5feda'),('51d92399-19af-4d05-96e8-621c40c40f3d','https://images.unsplash.com/photo-1515886657613-9f3515b0c78f?auto=format&fit=crop&q=80&w=800','51ca4cc3-51a4-4632-a2c8-2050885eef43'),('521c897f-8741-453e-9fab-2cf12f250534','https://images.unsplash.com/photo-1572635196237-14b3f281503f?auto=format&fit=crop&q=80&w=800','026b8f7b-9d62-406d-b4b5-ad0766a5feda'),('523be7c2-2e05-4add-b336-778bbadda1c4','https://images.unsplash.com/photo-1535043934128-cf0b28d52f95?auto=format&fit=crop&q=80&w=800','534c5615-a598-4d81-bd11-8c49051f7dad'),('52bb5d47-f10b-47cf-8bc3-0d32db0d4e68','https://images.unsplash.com/photo-1483721310020-03333e577078?auto=format&fit=crop&q=80&w=800','074af4fa-2373-4594-af09-4635672caa84'),('530325d1-c01e-450f-a4e0-b74cca91736f','https://images.unsplash.com/photo-1553062407-98eeb64c6a62?auto=format&fit=crop&q=80&w=800','ff7fa9d5-6565-479d-b1c5-1c8bc0ecff3f'),('54b49d1c-e7cb-4ed4-a5f3-9736d1e45588','https://images.unsplash.com/photo-1541099649105-f69ad21f3246?auto=format&fit=crop&q=80&w=800','ca2b1bca-a4ca-452b-ad5a-7ef1759d2474'),('54d3ade1-c951-436c-83b8-ae99f3a411ef','https://images.unsplash.com/photo-1502224562085-639556652f33?auto=format&fit=crop&q=80&w=800','399bce69-4451-44b7-87de-a9d0418a0764'),('563629b1-8346-42b2-bb9c-3956d0ad05be','https://images.unsplash.com/photo-1555689502-c4b22d76c56f?auto=format&fit=crop&q=80&w=800','70eb3cf5-e724-4480-9667-b1fff386d02b'),('567774df-2f00-4d75-81ab-7fab062b2a64','https://images.unsplash.com/photo-1541099649105-f69ad21f3246?auto=format&fit=crop&q=80&w=800','898d520d-98d3-41c7-a02b-7c08811dd721'),('575b80e7-abdd-45c2-842c-9c8c703b1dd1','https://images.unsplash.com/photo-1581655353564-df123a1eb820?auto=format&fit=crop&q=80&w=800','e55a58f2-f4a7-453a-952b-63cff2268198'),('58e7ca22-41ad-4b63-9cce-594cb5ae417b','https://images.unsplash.com/photo-1549298916-b41d501d3772?auto=format&fit=crop&q=80&w=800','cf9a14e0-bf8e-4805-b20c-8ea7eea1f180'),('5995d9a3-d5d3-475c-ae5b-05d79a5e8bdc','https://images.unsplash.com/photo-1542291026-7eec264c27ff?auto=format&fit=crop&q=80&w=800','cf9a14e0-bf8e-4805-b20c-8ea7eea1f180'),('5a00cd2f-e871-4213-95e4-e744ecc88d57','https://images.unsplash.com/photo-1544816155-12df9643f363?auto=format&fit=crop&q=80&w=800','e8353e1f-f9b4-423b-8660-7258f7e5dd5b'),('5a1a624d-b93f-4912-af96-74658d478ca6','https://images.unsplash.com/photo-1612459284970-e8f027596582?auto=format&fit=crop&q=80&w=800','eaf8958e-6aa1-47e5-afb9-a304d1870216'),('5a1da5b9-5010-4c43-83ca-42f18ae30123','https://images.unsplash.com/photo-1581655353564-df123a1eb820?auto=format&fit=crop&q=80&w=800','10b7acf8-0eb8-41d2-95ef-7020759d7f92'),('5a619773-f8d9-479d-8acb-aefd733a6baf','https://images.unsplash.com/photo-1523381210434-271e8be1f52b?auto=format&fit=crop&q=80&w=800','216026f4-0b10-44ca-a43c-f2890ae8ce8d'),('5add0cbf-a442-4362-9ef2-8a1267484b71','https://images.unsplash.com/photo-1627123424574-724758594e93?auto=format&fit=crop&q=80&w=800','a99ceaa5-fbe6-44a0-b71a-6b3a6c9633bb'),('5b8db9bb-d781-4a78-a97b-2ded4bc7b46e','https://images.unsplash.com/photo-1594223274512-ad4803739b7c?auto=format&fit=crop&q=80&w=800','ce99c11e-22f3-4314-8ec4-bff442bd590c'),('5c7dc6f2-2fd1-46df-a87b-1de27cbf8ce7','https://images.unsplash.com/photo-1521369909029-2afed882baee?auto=format&fit=crop&q=80&w=800','30c4b7eb-2366-462e-be69-379778fedd7a'),('5f89ad4b-0687-4ade-9a08-45f0c417f60a','https://images.unsplash.com/photo-1542291026-7eec264c27ff?auto=format&fit=crop&q=80&w=800','fe5a9012-509e-4376-837c-bee800613717'),('5fee821d-7a1e-4a00-bdd0-26610ff21e96','https://images.unsplash.com/photo-1534033641121-1231996677ab?auto=format&fit=crop&q=80&w=800','1be52253-b6ef-45b2-a2f7-d61db657675b'),('60073c25-6558-4e1d-927f-2db67e0942c6','https://images.unsplash.com/photo-1434389677639-e1f830421503?auto=format&fit=crop&q=80&w=800','2507eba4-3aa7-460a-b2c8-fafb0e76833e'),('607268f4-e39a-40b6-9fa4-4cd9dfa757d3','https://images.unsplash.com/photo-1585487000160-6ebcfceb0d03?auto=format&fit=crop&q=80&w=800','170aa39b-76d9-4e17-9f00-2648e0c28deb'),('608650a9-1718-4496-b472-7647e89602b7','https://images.unsplash.com/photo-1520975954732-46dd233c5244?auto=format&fit=crop&q=80&w=800','70d6c548-41e5-488c-bfd5-7d5fab6df89b'),('611e2de5-ea7a-4bb0-ace6-372ca0a8cfcc','https://images.unsplash.com/photo-1598033129183-c4f50c717658?auto=format&fit=crop&q=80&w=800','2dfea698-16a7-40dd-ae9d-d879052059a9'),('621dcc50-640c-4f63-a8da-440fc880aa24','https://images.unsplash.com/photo-1511130523295-e914c58ee3bc?auto=format&fit=crop&q=80&w=800','b97c44c4-08ac-4e61-9d38-8656a503de81'),('6275081d-06db-4961-b9c5-c22b9a157c85','https://images.unsplash.com/photo-1525966222134-fcfa99b8ae77?auto=format&fit=crop&q=80&w=800','4dad08a3-f67a-4a80-bee9-0e2976850458'),('62d716dc-18a0-4396-aece-f0d082d4bf65','https://images.unsplash.com/photo-1539106602058-c09dec524e9f?auto=format&fit=crop&q=80&w=800','985929b7-a7f2-479b-9d76-584d1f8d370e'),('64da6df4-e4fe-4269-8347-f108395faaef','https://images.unsplash.com/photo-1520975954732-46dd233c5244?auto=format&fit=crop&q=80&w=800','e450c798-488b-4768-ba8b-e0396fe82219'),('64f806a4-cb9c-4475-8b07-1b0e7903639d','https://images.unsplash.com/photo-1583743814966-8936f5b7be1a?auto=format&fit=crop&q=80&w=800','2507eba4-3aa7-460a-b2c8-fafb0e76833e'),('6556965b-158f-4453-a98b-18f95d5a5d8b','https://images.unsplash.com/photo-1495202331731-ae874051184d?auto=format&fit=crop&q=80&w=800','6d717707-5bfb-412e-a01b-0c2832d1e871'),('65620097-3f6e-49ab-bf35-a8df342edba9','https://images.unsplash.com/photo-1551028719-00167b16eac5?auto=format&fit=crop&q=80&w=800','38c10fae-c326-4117-a9f1-438c47086a1b'),('65784e5b-8367-428c-a4ad-127b49f048e6','https://images.unsplash.com/photo-1560243563-062bff001d68?auto=format&fit=crop&q=80&w=800','6c10301e-0250-4613-8fb5-dd62513ee8c0'),('66d00c6f-ed84-472e-8918-65865e2ce200','https://images.unsplash.com/photo-1523381210434-271e8be1f52b?auto=format&fit=crop&q=80&w=800','a7f2d909-2078-4695-9322-563e8edd6a56'),('67cff784-ad15-477c-a431-698356887b3e','https://images.unsplash.com/photo-1518310383802-640c2de311b2?auto=format&fit=crop&q=80&w=800','51ca4cc3-51a4-4632-a2c8-2050885eef43'),('68a7a44b-1414-4d3c-bb9c-6ea9e5452fa1','https://images.unsplash.com/photo-1539533018447-63fcce2678e3?auto=format&fit=crop&q=80&w=800','95e64572-6c6e-4450-84c6-2963d0732ea5'),('68e44568-2368-4f41-b314-9a5e0c9f5488','https://images.unsplash.com/photo-1534033641121-1231996677ab?auto=format&fit=crop&q=80&w=800','a5593952-c67e-4c71-ab1f-a73796c4282c'),('69fd5db4-abef-4119-b898-30b7d15529c0','https://images.unsplash.com/photo-1553062407-98eeb64c6a62?auto=format&fit=crop&q=80&w=800','84bea7ab-810a-4e0e-8400-005aa9279445'),('6bef17d1-02d2-46b3-b18e-a47ca5934249','https://images.unsplash.com/photo-1513258496099-48168024adb0?auto=format&fit=crop&q=80&w=800','ae4dc04c-4136-45b2-bc30-fc0d47e65714'),('6d16865c-8eee-41bf-9359-ba754170d9be','https://images.unsplash.com/photo-1524225544445-5515938596c8?auto=format&fit=crop&q=80&w=800','6c10301e-0250-4613-8fb5-dd62513ee8c0'),('6d80f080-b0d7-4b06-80c5-affd1de70e3b','https://images.unsplash.com/photo-1552674605-db6ffd4facb5?auto=format&fit=crop&q=80&w=800','141187aa-eb73-43a2-9be3-afa93b962c46'),('6dd32006-e6a7-4e0e-b337-f549714f9bc2','https://images.unsplash.com/photo-1542291026-7eec264c27ff?auto=format&fit=crop&q=80&w=800','a30ca466-4158-4847-8804-2005390d33f0'),('6dfb1cfe-c114-4cf7-8380-c2af3d0a9030','https://images.unsplash.com/photo-1504191467541-251101a91e45?auto=format&fit=crop&q=80&w=800','80e11e7f-cc8b-40da-b600-dab315612a3e'),('6ebc69e0-079a-4bf1-9ce0-5379b968a884','https://images.unsplash.com/photo-1549298916-b41d501d3772?auto=format&fit=crop&q=80&w=800','a30ca466-4158-4847-8804-2005390d33f0'),('6f3b9f0e-0a00-4d6d-becf-52d0f39a5cdb','https://images.unsplash.com/photo-1511130523295-e914c58ee3bc?auto=format&fit=crop&q=80&w=800','216026f4-0b10-44ca-a43c-f2890ae8ce8d'),('703be46b-31bb-4b9e-899c-e223eba28cc0','https://images.unsplash.com/photo-1541099649105-f69ad21f3246?auto=format&fit=crop&q=80&w=800','70eb3cf5-e724-4480-9667-b1fff386d02b'),('7197f9dd-17f8-4049-a1e6-8dd66d4ee175','https://images.unsplash.com/photo-1585487000160-6ebcfceb0d03?auto=format&fit=crop&q=80&w=800','78dd7467-7195-4bb8-af26-8cef94ed93e1'),('71a6fb09-197a-4a85-aa4b-dfe9de2b0d1d','https://images.unsplash.com/photo-1565084888279-aff9969bb048?auto=format&fit=crop&q=80&w=800','c45e4db7-2dc6-41d5-af88-380b2a22982d'),('72f6fef1-4023-440a-b147-aa80e627ebf9','https://images.unsplash.com/photo-1523170335258-f5ed11844a49?auto=format&fit=crop&q=80&w=800','ab3d4dbf-8c41-4d8b-8e7c-ab548035aa7b'),('739b0268-9b8e-4f61-85e0-c6053f6ba6c0','https://images.unsplash.com/photo-1511130523295-e914c58ee3bc?auto=format&fit=crop&q=80&w=800','1be52253-b6ef-45b2-a2f7-d61db657675b'),('74f78105-55b8-4af0-a086-99bad7a0d56c','https://images.unsplash.com/photo-1549298916-b41d501d3772?auto=format&fit=crop&q=80&w=800','4dad08a3-f67a-4a80-bee9-0e2976850458'),('762f9302-45ff-4ece-bf17-fd86e4e03e73','https://images.unsplash.com/photo-1523381210434-271e8be1f52b?auto=format&fit=crop&q=80&w=800','a5593952-c67e-4c71-ab1f-a73796c4282c'),('7690342e-b2f0-406e-b527-95bb3e9d3d34','https://images.unsplash.com/photo-1551048632-24e23769153e?auto=format&fit=crop&q=80&w=800','2dfea698-16a7-40dd-ae9d-d879052059a9'),('76ff1c68-53a1-43ca-8eaa-561cb3a257cf','https://images.unsplash.com/photo-1544022613-e87ca75a784a?auto=format&fit=crop&q=80&w=800','95e64572-6c6e-4450-84c6-2963d0732ea5'),('78e8d9a8-db3d-4c0a-b135-73c7d64a312f','https://images.unsplash.com/photo-1591195853828-11db59a44f6b?auto=format&fit=crop&q=80&w=800','99c4359a-e6b0-405c-8f16-4f4195a5dc40'),('7aec03eb-c470-4e6e-aa44-e2db11e377de','https://images.unsplash.com/photo-1541099649105-f69ad21f3246?auto=format&fit=crop&q=80&w=800','f8cbb539-d990-4619-91b1-051b547db2b3'),('7bb6830f-507b-4542-8e75-eebb5639ba1f','https://images.unsplash.com/photo-1587563871167-1ee9c731aefb?auto=format&fit=crop&q=80&w=800','fe5a9012-509e-4376-837c-bee800613717'),('7bf91a82-9bf2-46da-a4c6-de7e7372326b','https://images.unsplash.com/photo-1520975954732-46dd233c5244?auto=format&fit=crop&q=80&w=800','8c97bd57-72a0-4c48-b770-9799221abad8'),('7c3d3559-7d78-4684-8184-7ec3e60a50d6','https://images.unsplash.com/photo-1544022613-e87ca75a784a?auto=format&fit=crop&q=80&w=800','e450c798-488b-4768-ba8b-e0396fe82219'),('7c491fa3-4a81-4fe2-af28-4ffb506d791d','https://images.unsplash.com/photo-1556821840-3a63f95609a7?auto=format&fit=crop&q=80&w=800','0fbd50af-473d-4715-9941-0b33bab46bf9'),('7ca716ef-ffb1-49e8-b48a-9c880972cca4','https://images.unsplash.com/photo-1598554747436-c9293d6a588f?auto=format&fit=crop&q=80&w=800','3c9c04f1-7bed-404a-b52c-4230cbdbd222'),('7db1e350-fd79-4f49-8968-535b10da050d','https://images.unsplash.com/photo-1551048632-24e23769153e?auto=format&fit=crop&q=80&w=800','0130a681-5e53-49da-bccb-d650580f5200'),('7dcd0cb6-4531-4f2f-b62a-4ba4b0c834ee','https://images.unsplash.com/photo-1552674605-db6ffd4facb5?auto=format&fit=crop&q=80&w=800','9f999813-329c-4dd3-b946-2e9a63153ca0'),('7de89732-3fc9-48fe-b48c-0dfbea62588e','https://images.unsplash.com/photo-1595777457583-95e059d581b8?auto=format&fit=crop&q=80&w=800','66d4b114-cbfd-4e2e-93a3-4f12209aac3a'),('7e330759-1517-462d-b3f6-22162e545b08','https://images.unsplash.com/photo-1548036328-c9fa89d128fa?auto=format&fit=crop&q=80&w=800','30c4b7eb-2366-462e-be69-379778fedd7a'),('7e5716a2-6902-4804-8c03-05827838fa38','https://images.unsplash.com/photo-1552674605-db6ffd4facb5?auto=format&fit=crop&q=80&w=800','f67e4567-8860-4bd6-a58a-2cb4722a19a3'),('7f315d24-0eb3-4dc4-9cca-531155748de9','https://images.unsplash.com/photo-1542291026-7eec264c27ff?auto=format&fit=crop&q=80&w=800','7096c319-a0ca-4e10-b874-63995ea1b783'),('813b9a11-c67a-4087-b1b3-59d7de32af72','https://images.unsplash.com/photo-1515372039744-b8f02a3ae446?auto=format&fit=crop&q=80&w=800','78dd7467-7195-4bb8-af26-8cef94ed93e1'),('8261aa57-524e-4a0d-81fc-cfe23784475e','https://images.unsplash.com/photo-1566150905458-1f5ec173d843?auto=format&fit=crop&q=80&w=800','a5fbdb50-64e1-4655-a198-1315286e66e7'),('8342e1a3-ef06-4332-a0f2-165c9c27631d','https://images.unsplash.com/photo-1606107557195-0e29a4b5b4aa?auto=format&fit=crop&q=80&w=800','3c39f920-ffe0-4de9-8f20-027482893586'),('83e29eeb-2c31-47d5-9e01-53597c0833b8','https://images.unsplash.com/photo-1511130523295-e914c58ee3bc?auto=format&fit=crop&q=80&w=800','974387ec-dc84-401b-a17a-8c33a4fa665a'),('84db6091-f0fa-4f43-8257-27b079b17ccb','https://images.unsplash.com/photo-1504191467541-251101a91e45?auto=format&fit=crop&q=80&w=800','8e92e754-854f-4b45-b6c5-745d1b04a07c'),('85461e2d-aa02-470d-9b8d-ed196e2b0a32','https://images.unsplash.com/photo-1551048632-24e23769153e?auto=format&fit=crop&q=80&w=800','5fc30db7-940f-4452-8316-850813881ecd'),('86c1e518-4d4f-4b6c-964f-646f98305d94','https://images.unsplash.com/photo-1512436991641-6745cdb1723f?auto=format&fit=crop&q=80&w=800','3c9c04f1-7bed-404a-b52c-4230cbdbd222'),('882e6083-4657-4dde-a032-a45980b97ddc','https://images.unsplash.com/photo-1525966222134-fcfa99b8ae77?auto=format&fit=crop&q=80&w=800','fd74acdb-e125-47bc-9689-63e79b11a1e9'),('883e67f5-17b3-4ea0-b69a-c42a51b80291','https://images.unsplash.com/photo-1543132220-4bf3de6e10ae?auto=format&fit=crop&q=80&w=800','38c10fae-c326-4117-a9f1-438c47086a1b'),('89accd80-4314-4cae-a23b-22fcb0df9b6e','https://images.unsplash.com/photo-1512436991641-6745cdb1723f?auto=format&fit=crop&q=80&w=800','cf0fd451-d5fe-4623-8382-92749dfff3ae'),('89ad76e3-0ea0-45e3-bfee-e0a557f2fadb','https://images.unsplash.com/photo-1553062407-98eeb64c6a62?auto=format&fit=crop&q=80&w=800','e8353e1f-f9b4-423b-8660-7258f7e5dd5b'),('8a3b38e7-9165-437e-af7e-838dfaf4fca0','https://images.unsplash.com/photo-1551488831-00ddcb6c6bd3?auto=format&fit=crop&q=80&w=800','f2b8d7d7-d3e4-4efa-b431-22622f1187e1'),('8a498720-475b-4e85-b20b-6c5ec14a0e23','https://images.unsplash.com/photo-1585487000160-6ebcfceb0d03?auto=format&fit=crop&q=80&w=800','974387ec-dc84-401b-a17a-8c33a4fa665a'),('8a9148b6-b1da-4db6-97ee-ecae2337beae','https://images.unsplash.com/photo-1598033129183-c4f50c717658?auto=format&fit=crop&q=80&w=800','420ab440-0b24-4474-a6f4-1afcda3086f7'),('8a9ba042-37c9-4191-9887-d81bcdd85d54','https://images.unsplash.com/photo-1585487000160-6ebcfceb0d03?auto=format&fit=crop&q=80&w=800','b97c44c4-08ac-4e61-9d38-8656a503de81'),('8b5e8005-41f8-4d5e-8320-bbd0c688bbd1','https://images.unsplash.com/photo-1595777457583-95e059d581b8?auto=format&fit=crop&q=80&w=800','2086653f-e611-43e3-8987-f69ef03918d8'),('8bfdb61a-50d0-4be3-9125-00f3b34e025c','https://images.unsplash.com/photo-1525966222134-fcfa99b8ae77?auto=format&fit=crop&q=80&w=800','534c5615-a598-4d81-bd11-8c49051f7dad'),('8c602d76-e3dc-4612-8f08-41277b1dad0d','https://images.unsplash.com/photo-1555689502-c4b22d76c56f?auto=format&fit=crop&q=80&w=800','b1d20b3e-949e-4758-8f4e-703dfbe93ddc'),('8cf11c76-5347-43fc-ae3c-57bfc33615c4','https://images.unsplash.com/photo-1513258496099-48168024adb0?auto=format&fit=crop&q=80&w=800','98d2492d-be1a-463a-9106-4bf80b9a5f20'),('8cfe254d-476f-43c7-baf6-fee56395301e','https://images.unsplash.com/photo-1483721310020-03333e577078?auto=format&fit=crop&q=80&w=800','51ca4cc3-51a4-4632-a2c8-2050885eef43'),('8d9dcb39-1392-440b-b970-e5e2431cd418','https://images.unsplash.com/photo-1521572267360-ee0c2909d518?auto=format&fit=crop&q=80&w=800','ff04a2ea-d01a-4582-87d7-c816c0eb433c'),('8dd84f6b-02d9-4691-8d37-4412f0b14695','https://images.unsplash.com/photo-1551048632-24e23769153e?auto=format&fit=crop&q=80&w=800','97a18f8b-1613-4dfd-a479-009dd59c3a5e'),('8f01cfed-b000-496c-ba7e-d62919c8faa3','https://images.unsplash.com/photo-1518310383802-640c2de311b2?auto=format&fit=crop&q=80&w=800','783c2f99-648a-4501-997b-0838b38e1fbb'),('8f0fb6f9-13cb-4804-bace-4fc3c9509e0d','https://images.unsplash.com/photo-1502224562085-639556652f33?auto=format&fit=crop&q=80&w=800','6658b6e2-36f0-432b-b570-37c4078139ef'),('902b300a-3377-485e-b72e-53ad4201b8d3','https://images.unsplash.com/photo-1566150905458-1f5ec173d843?auto=format&fit=crop&q=80&w=800','ce99c11e-22f3-4314-8ec4-bff442bd590c'),('90677455-9b3d-4fa1-a7c2-6dc1e20a9807','https://images.unsplash.com/photo-1541099649105-f69ad21f3246?auto=format&fit=crop&q=80&w=800','8d497794-7a69-4ee0-9ca3-d38da8a1fe20'),('90cc6661-b31c-4ba9-8fc1-c4236856f6be','https://images.unsplash.com/photo-1551488831-00ddcb6c6bd3?auto=format&fit=crop&q=80&w=800','e450c798-488b-4768-ba8b-e0396fe82219'),('9115405c-a2d9-42a8-b025-b6c02440bbc1','https://images.unsplash.com/photo-1534033641121-1231996677ab?auto=format&fit=crop&q=80&w=800','e55a58f2-f4a7-453a-952b-63cff2268198'),('91c7d32c-b1be-40b4-92f5-08950a6e3fed','https://images.unsplash.com/photo-1595777457583-95e059d581b8?auto=format&fit=crop&q=80&w=800','0130a681-5e53-49da-bccb-d650580f5200'),('92108976-717c-48d9-a819-9a5c18e336e5','https://images.unsplash.com/photo-1548126032-079a0fb0099d?auto=format&fit=crop&q=80&w=800','97a18f8b-1613-4dfd-a479-009dd59c3a5e'),('947b5eff-6c6a-43b8-8527-20ab453c14eb','https://images.unsplash.com/photo-1515372039744-b8f02a3ae446?auto=format&fit=crop&q=80&w=800','2086653f-e611-43e3-8987-f69ef03918d8'),('948a2da6-ffc4-41f6-a80a-c63df29b58d6','https://images.unsplash.com/photo-1565084888279-aff9969bb048?auto=format&fit=crop&q=80&w=800','70eb3cf5-e724-4480-9667-b1fff386d02b'),('94fbdba5-320e-4073-8e64-f9248a173b20','https://images.unsplash.com/photo-1509942774463-acf339cf67d5?auto=format&fit=crop&q=80&w=800','ec6d7fa9-01a1-43af-bb00-b035822cafb4'),('95452c23-ae64-4b38-b774-f37750fedaa2','https://images.unsplash.com/photo-1534033641121-1231996677ab?auto=format&fit=crop&q=80&w=800','4eb5878c-d9e2-4b86-b5f9-74a03565ef3d'),('95bc6e08-60dd-4b1f-8119-ee8755d0562b','https://images.unsplash.com/photo-1473966968600-fa801b869a1a?auto=format&fit=crop&q=80&w=800','b1d20b3e-949e-4758-8f4e-703dfbe93ddc'),('962704b0-4a18-4412-9079-8a633e9ec56f','https://images.unsplash.com/photo-1521572267360-ee0c2909d518?auto=format&fit=crop&q=80&w=800','d3655e37-2704-47e3-80a8-cee26ea7c009'),('9664e2fb-948c-4815-9641-36b963a090ae','https://images.unsplash.com/photo-1539106602058-c09dec524e9f?auto=format&fit=crop&q=80&w=800','3c9c04f1-7bed-404a-b52c-4230cbdbd222'),('96771e7d-9741-4272-93fe-cc07571ad03e','https://images.unsplash.com/photo-1512436991641-6745cdb1723f?auto=format&fit=crop&q=80&w=800','2dfea698-16a7-40dd-ae9d-d879052059a9'),('96ebcad4-ea53-4182-9fb7-85471acc0d35','https://images.unsplash.com/photo-1511130523295-e914c58ee3bc?auto=format&fit=crop&q=80&w=800','1c40add2-800c-427a-be75-6ccdb4fcacf4'),('97261ffb-0d2c-4844-b285-2d8ad15da915','https://images.unsplash.com/photo-1555689502-c4b22d76c56f?auto=format&fit=crop&q=80&w=800','ca2b1bca-a4ca-452b-ad5a-7ef1759d2474'),('98d765b9-dbf3-48c5-99bd-257e9ef612e7','https://images.unsplash.com/photo-1539106602058-c09dec524e9f?auto=format&fit=crop&q=80&w=800','170aa39b-76d9-4e17-9f00-2648e0c28deb'),('994b1ecd-a4be-4020-84c8-635075ba097a','https://images.unsplash.com/photo-1565084888279-aff9969bb048?auto=format&fit=crop&q=80&w=800','ca2b1bca-a4ca-452b-ad5a-7ef1759d2474'),('997c2eed-6627-4c19-b5a0-15d90910cc7a','https://images.unsplash.com/photo-1551048632-24e23769153e?auto=format&fit=crop&q=80&w=800','420ab440-0b24-4474-a6f4-1afcda3086f7'),('9a36b9f0-7c10-4b37-9c79-40ab3fc03920','https://images.unsplash.com/photo-1595950653106-6c9ebd614d3a?auto=format&fit=crop&q=80&w=800','6cecfe6c-792f-4291-80bb-607d3b170822'),('9ac516db-b951-4625-a9c0-051f269fe210','https://images.unsplash.com/photo-1594223274512-ad4803739b7c?auto=format&fit=crop&q=80&w=800','a5fbdb50-64e1-4655-a198-1315286e66e7'),('9ba44199-b7bf-4b22-8bbe-6a0b147c0bf7','https://images.unsplash.com/photo-1516762689617-e1cffcef479d?auto=format&fit=crop&q=80&w=800','2507eba4-3aa7-460a-b2c8-fafb0e76833e'),('9c1a4ca4-be3e-49d1-b64b-1deb604256c0','https://images.unsplash.com/photo-1584917865442-de89df76afd3?auto=format&fit=crop&q=80&w=800','a5fbdb50-64e1-4655-a198-1315286e66e7'),('9c677fb4-082c-43a8-b85e-84f35aae88b8','https://images.unsplash.com/photo-1518310383802-640c2de311b2?auto=format&fit=crop&q=80&w=800','1d6424bc-fff7-47d8-8426-8b3f7996b6f6'),('9cd85a7d-9c4d-4961-9575-ca528d865a50','https://images.unsplash.com/photo-1549298916-b41d501d3772?auto=format&fit=crop&q=80&w=800','7096c319-a0ca-4e10-b874-63995ea1b783'),('9cf4ab10-ccad-4341-827a-eeb979401436','https://images.unsplash.com/photo-1511130523295-e914c58ee3bc?auto=format&fit=crop&q=80&w=800','4eb5878c-d9e2-4b86-b5f9-74a03565ef3d'),('9d58c088-333d-4c98-a60a-35ddcf6f2d8d','https://images.unsplash.com/photo-1563910627408-2005cb5f5a32?auto=format&fit=crop&q=80&w=800','4bbc30ee-4c94-49a0-9186-05ea12088be2'),('9da77a8d-127e-47f1-b515-a81e26edcb73','https://images.unsplash.com/photo-1515372039744-b8f02a3ae446?auto=format&fit=crop&q=80&w=800','4eb5878c-d9e2-4b86-b5f9-74a03565ef3d'),('9e102ac3-1d5f-4c9f-a1bf-c21158181ce3','https://images.unsplash.com/photo-1485231183945-3ec83e8f8103?auto=format&fit=crop&q=80&w=800','eaf8958e-6aa1-47e5-afb9-a304d1870216'),('9ec6d2d9-2bdb-4b52-b457-51b9e39ea8c9','https://images.unsplash.com/photo-1555689502-c4b22d76c56f?auto=format&fit=crop&q=80&w=800','898d520d-98d3-41c7-a02b-7c08811dd721'),('a00c7d0b-63ad-4855-bed7-3f5abccabf7b','https://images.unsplash.com/photo-1553062407-98eeb64c6a62?auto=format&fit=crop&q=80&w=800','2823b9f8-a827-4248-adec-433738bcece3'),('a0820fcc-8530-4f99-ba78-283bfe82c733','https://images.unsplash.com/photo-1606107557195-0e29a4b5b4aa?auto=format&fit=crop&q=80&w=800','fe5a9012-509e-4376-837c-bee800613717'),('a0e02558-6661-4cc4-b0be-549bc7b39dfd','https://images.unsplash.com/photo-1523381210434-271e8be1f52b?auto=format&fit=crop&q=80&w=800','f67e4567-8860-4bd6-a58a-2cb4722a19a3'),('a1b51c3f-8b49-485d-b764-9327932915c2','https://images.unsplash.com/photo-1512436991641-6745cdb1723f?auto=format&fit=crop&q=80&w=800','7ce01824-94db-4c0e-9550-0a6dcce54906'),('a3d38be4-692e-45b0-ae1a-f21fd73bd7e7','https://images.unsplash.com/photo-1551488831-00ddcb6c6bd3?auto=format&fit=crop&q=80&w=800','399bce69-4451-44b7-87de-a9d0418a0764'),('a4c3fe4c-82b2-4d59-9c9c-14f38fb88060','https://images.unsplash.com/photo-1595777457583-95e059d581b8?auto=format&fit=crop&q=80&w=800','b83698c3-b8a8-47c6-8005-8277bfc2dc16'),('a59a68bb-fc56-42d2-85bd-3860b6178b06','https://images.unsplash.com/photo-1516762689617-e1cffcef479d?auto=format&fit=crop&q=80&w=800','4e97e93b-2baa-4748-9da3-4dad15c8dd89'),('a5eabc58-e2e7-4573-b384-46473978e477','https://images.unsplash.com/photo-1542291026-7eec264c27ff?auto=format&fit=crop&q=80&w=800','b45a6716-a872-45f7-b592-b51a75d7c18f'),('a6777f36-5574-4c38-9a87-af8888f48936','https://images.unsplash.com/photo-1606107557195-0e29a4b5b4aa?auto=format&fit=crop&q=80&w=800','b45a6716-a872-45f7-b592-b51a75d7c18f'),('a697677e-92c0-48df-8085-54f1eb80daa4','https://images.unsplash.com/photo-1534033641121-1231996677ab?auto=format&fit=crop&q=80&w=800','f2b8d7d7-d3e4-4efa-b431-22622f1187e1'),('a6b58dce-6fdc-4ac4-a8b6-bbfc6ba02601','https://images.unsplash.com/photo-1548036328-c9fa89d128fa?auto=format&fit=crop&q=80&w=800','ce99c11e-22f3-4314-8ec4-bff442bd590c'),('a6d05888-e69e-4654-a769-c7749a0a0ab5','https://images.unsplash.com/photo-1563910627408-2005cb5f5a32?auto=format&fit=crop&q=80&w=800','a99ceaa5-fbe6-44a0-b71a-6b3a6c9633bb'),('a74cc87b-be72-4091-8200-81939eaf441d','https://images.unsplash.com/photo-1549298916-b41d501d3772?auto=format&fit=crop&q=80&w=800','83cb5550-1bdf-464c-b0e4-9b4d1c27a802'),('a779d105-39b8-4643-b1f7-2f899263ff9a','https://images.unsplash.com/photo-1511130523295-e914c58ee3bc?auto=format&fit=crop&q=80&w=800','e55a58f2-f4a7-453a-952b-63cff2268198'),('a7972f64-95af-4e0b-86c3-fc0cfba5f009','https://images.unsplash.com/photo-1551048632-24e23769153e?auto=format&fit=crop&q=80&w=800','3c9c04f1-7bed-404a-b52c-4230cbdbd222'),('a79b4375-f788-4386-b0a4-ebdefe390c88','https://images.unsplash.com/photo-1591047139829-d91aec16adcd?auto=format&fit=crop&q=80&w=800','8e92e754-854f-4b45-b6c5-745d1b04a07c'),('a7bdef96-f174-47b9-bd12-d3e6040776ef','https://images.unsplash.com/photo-1542272604-787c3835535d?auto=format&fit=crop&q=80&w=800','70eb3cf5-e724-4480-9667-b1fff386d02b'),('a9ebf2cb-da4e-422f-bcd2-dc77ff90eb54','https://images.unsplash.com/photo-1534033641121-1231996677ab?auto=format&fit=crop&q=80&w=800','a7f2d909-2078-4695-9322-563e8edd6a56'),('ac3f9ae9-7381-4937-8e9e-78a62c4419a2','https://images.unsplash.com/photo-1515886657613-9f3515b0c78f?auto=format&fit=crop&q=80&w=800','70d6c548-41e5-488c-bfd5-7d5fab6df89b'),('ac885989-1e8c-460c-9e78-decd06de67f9','https://images.unsplash.com/photo-1434389677639-e1f830421503?auto=format&fit=crop&q=80&w=800','bb05ccb8-3b6c-42c9-a8f4-b21d264618c6'),('ac952607-6248-485f-94c0-d873a12bf037','https://images.unsplash.com/photo-1434389677639-e1f830421503?auto=format&fit=crop&q=80&w=800','4e97e93b-2baa-4748-9da3-4dad15c8dd89'),('acc11ed0-1dfe-4a36-9db4-12df3fc8b91a','https://images.unsplash.com/photo-1542291026-7eec264c27ff?auto=format&fit=crop&q=80&w=800','3fcfcd86-09b9-4adc-ba2e-7aed0de83155'),('ad9d15af-daae-4fc7-983e-0a2acbb3cda2','https://images.unsplash.com/photo-1551488831-00ddcb6c6bd3?auto=format&fit=crop&q=80&w=800','80e11e7f-cc8b-40da-b600-dab315612a3e'),('aeb35292-e340-4a07-9716-93030f1d5423','https://images.unsplash.com/photo-1549298916-b41d501d3772?auto=format&fit=crop&q=80&w=800','f3141486-1155-45ba-b8c2-a73449f65d63'),('af84bf6d-3db2-4b24-9d99-036340843773','https://images.unsplash.com/photo-1583743814966-8936f5b7be1a?auto=format&fit=crop&q=80&w=800','4e97e93b-2baa-4748-9da3-4dad15c8dd89'),('b0a21195-4d00-4efe-899c-c2b1c39dcd1d','https://images.unsplash.com/photo-1594633312681-425c7b97ccd1?auto=format&fit=crop&q=80&w=800','ca2b1bca-a4ca-452b-ad5a-7ef1759d2474'),('b0dbdb3a-1d00-4079-9ad7-4caea9eeccea','https://images.unsplash.com/photo-1496747611176-843222e1e57c?auto=format&fit=crop&q=80&w=800','66d4b114-cbfd-4e2e-93a3-4f12209aac3a'),('b17d691f-4767-4bff-88ed-568022345b4a','https://images.unsplash.com/photo-1549438102-193c49aa9424?auto=format&fit=crop&q=80&w=800','6c10301e-0250-4613-8fb5-dd62513ee8c0'),('b1e9d157-c67f-427d-a895-3c96274b9d88','https://images.unsplash.com/photo-1594381898411-846e7d193883?auto=format&fit=crop&q=80&w=800','141187aa-eb73-43a2-9be3-afa93b962c46'),('b21195c5-1b91-4d77-b90a-53a311d7229a','https://images.unsplash.com/photo-1577803645773-f96470509666?auto=format&fit=crop&q=80&w=800','026b8f7b-9d62-406d-b4b5-ad0766a5feda'),('b22b4e7d-e507-4514-bc8f-db69ae5a1c06','https://images.unsplash.com/photo-1560243563-062bff001d68?auto=format&fit=crop&q=80&w=800','f8cbb539-d990-4619-91b1-051b547db2b3'),('b28354bc-2fbd-4e6e-aa42-61646d553b19','https://images.unsplash.com/photo-1502224562085-639556652f33?auto=format&fit=crop&q=80&w=800','783c2f99-648a-4501-997b-0838b38e1fbb'),('b2a46a43-dbcd-484a-8250-a63ef1e8b3df','https://images.unsplash.com/photo-1549298916-b41d501d3772?auto=format&fit=crop&q=80&w=800','fe5a9012-509e-4376-837c-bee800613717'),('b2b94488-3552-4988-978a-3827d8a66548','https://images.unsplash.com/photo-1513258496099-48168024adb0?auto=format&fit=crop&q=80&w=800','ec6d7fa9-01a1-43af-bb00-b035822cafb4'),('b2fdd7d4-0a9a-44fc-bc38-6cbbbfd4754b','https://images.unsplash.com/photo-1525966222134-fcfa99b8ae77?auto=format&fit=crop&q=80&w=800','3c39f920-ffe0-4de9-8f20-027482893586'),('b39d90bb-c861-4193-b9a8-157ab7f66e44','https://images.unsplash.com/photo-1587563871167-1ee9c731aefb?auto=format&fit=crop&q=80&w=800','24e9a912-602e-43c6-a5a2-c114a67ee4e9'),('b411a365-c465-41c0-a551-9e55a1795906','https://images.unsplash.com/photo-1539106602058-c09dec524e9f?auto=format&fit=crop&q=80&w=800','78dd7467-7195-4bb8-af26-8cef94ed93e1'),('b44922c1-769b-47be-8b42-eeaa6704ed40','https://images.unsplash.com/photo-1553062407-98eeb64c6a62?auto=format&fit=crop&q=80&w=800','ee0f0f15-01c2-4d21-ba63-db2ffaac8703'),('b4740a42-f609-4084-9f3b-0b2bd744d42f','https://images.unsplash.com/photo-1560243563-062bff001d68?auto=format&fit=crop&q=80&w=800','31599107-c54b-4a92-9c91-44d5e1ad7581'),('b5000887-f9fc-4bb0-a29b-99d86c689d56','https://images.unsplash.com/photo-1598033129183-c4f50c717658?auto=format&fit=crop&q=80&w=800','7ce01824-94db-4c0e-9550-0a6dcce54906'),('b5473512-e087-4dac-a2f9-eeeffe681930','https://images.unsplash.com/photo-1511130523295-e914c58ee3bc?auto=format&fit=crop&q=80&w=800','074216a9-62ef-4297-bfc4-56358f0c75b4'),('b5cb4928-18d4-4550-9599-74d6f475e993','https://images.unsplash.com/photo-1563910627408-2005cb5f5a32?auto=format&fit=crop&q=80&w=800','ff7fa9d5-6565-479d-b1c5-1c8bc0ecff3f'),('b64d366c-da83-4939-ace8-5320c1d94049','https://images.unsplash.com/photo-1566174053879-31528523f8ae?auto=format&fit=crop&q=80&w=800','eaf8958e-6aa1-47e5-afb9-a304d1870216'),('b6986c6d-9e79-426f-89a5-8d8c205adfb7','https://images.unsplash.com/photo-1527010159945-6622eba00293?auto=format&fit=crop&q=80&w=800','38c10fae-c326-4117-a9f1-438c47086a1b'),('b6d23a21-b523-45bc-9926-a2b9406c9d81','https://images.unsplash.com/photo-1495202331731-ae874051184d?auto=format&fit=crop&q=80&w=800','8c97bd57-72a0-4c48-b770-9799221abad8'),('b726ddde-0792-4609-bdee-48e54c7eadc2','https://images.unsplash.com/photo-1521223890158-f9f7c3d5d504?auto=format&fit=crop&q=80&w=800','0fbd50af-473d-4715-9941-0b33bab46bf9'),('b8e5ca6c-13bf-43b6-a539-a796cb819585','https://images.unsplash.com/photo-1535043934128-cf0b28d52f95?auto=format&fit=crop&q=80&w=800','4dad08a3-f67a-4a80-bee9-0e2976850458'),('b90efaa1-ddee-4c93-8988-ee6e1333562d','https://images.unsplash.com/photo-1598033129183-c4f50c717658?auto=format&fit=crop&q=80&w=800','e55a58f2-f4a7-453a-952b-63cff2268198'),('b9b730ef-26b0-47ce-9c53-ec939d00fc7d','https://images.unsplash.com/photo-1556821840-3a63f95609a7?auto=format&fit=crop&q=80&w=800','ae4dc04c-4136-45b2-bc30-fc0d47e65714'),('ba7cef6a-c313-44a8-a56b-a18ec575fea3','https://images.unsplash.com/photo-1594633312681-425c7b97ccd1?auto=format&fit=crop&q=80&w=800','b1d20b3e-949e-4758-8f4e-703dfbe93ddc'),('bca2cabf-b909-48f7-8ab6-3e062a7e942a','https://images.unsplash.com/photo-1511130523295-e914c58ee3bc?auto=format&fit=crop&q=80&w=800','afc259ed-81db-47a7-8d2b-659f5bf2dcb4'),('bd2757d0-f132-479f-abfe-c3c59421c457','https://images.unsplash.com/photo-1523381210434-271e8be1f52b?auto=format&fit=crop&q=80&w=800','afc259ed-81db-47a7-8d2b-659f5bf2dcb4'),('bd3221d8-3d31-487e-8e6d-dbff974b3851','https://images.unsplash.com/photo-1560072810-1cffb09faf0f?auto=format&fit=crop&q=80&w=800','2823b9f8-a827-4248-adec-433738bcece3'),('bd455b21-897e-4cf5-97e7-afcfd856953b','https://images.unsplash.com/photo-1515372039744-b8f02a3ae446?auto=format&fit=crop&q=80&w=800','1be52253-b6ef-45b2-a2f7-d61db657675b'),('bda0d5b5-8b50-4ae0-bbe4-8060e060b5fa','https://images.unsplash.com/photo-1588850561407-ed78c282e89b?auto=format&fit=crop&q=80&w=800','ee0f0f15-01c2-4d21-ba63-db2ffaac8703'),('be28351c-c107-4e14-b7ad-69426d84b4ca','https://images.unsplash.com/photo-1553062407-98eeb64c6a62?auto=format&fit=crop&q=80&w=800','026b8f7b-9d62-406d-b4b5-ad0766a5feda'),('be5536b4-640e-4a96-ad13-6e8b6e8446b6','https://images.unsplash.com/photo-1544367567-0f2fcb009e0b?auto=format&fit=crop&q=80&w=800','62e2446f-e4c9-412f-bc16-eed406cf94c1'),('beb7c68e-d640-42a1-8f21-da9ad4468430','https://images.unsplash.com/photo-1549298916-b41d501d3772?auto=format&fit=crop&q=80&w=800','534c5615-a598-4d81-bd11-8c49051f7dad'),('bf0d412e-84d6-490d-8234-dad01a773c24','https://images.unsplash.com/photo-1512436991641-6745cdb1723f?auto=format&fit=crop&q=80&w=800','420ab440-0b24-4474-a6f4-1afcda3086f7'),('bffcdba3-dedf-41e2-80b9-d5c959c7f4c8','https://images.unsplash.com/photo-1518310383802-640c2de311b2?auto=format&fit=crop&q=80&w=800','62e2446f-e4c9-412f-bc16-eed406cf94c1'),('c0379e65-4fc7-470b-b3d3-f9a9d17ce729','https://images.unsplash.com/photo-1434494878577-86c23bcb06b9?auto=format&fit=crop&q=80&w=800','9f999813-329c-4dd3-b946-2e9a63153ca0'),('c0a7f717-c00a-4bc1-9536-238aa2aee49e','https://images.unsplash.com/photo-1595777457583-95e059d581b8?auto=format&fit=crop&q=80&w=800','ec5c53e1-65b2-4a53-86bf-c483407e95a9'),('c223b415-a3b5-4308-ab80-72f85ba77507','https://images.unsplash.com/photo-1581067720543-84b221bd0851?auto=format&fit=crop&q=80&w=800','2086653f-e611-43e3-8987-f69ef03918d8'),('c2a2d0b9-39d5-48bf-888b-cb5ba2266b90','https://images.unsplash.com/photo-1554560397-c467540645fd?auto=format&fit=crop&q=80&w=800','216026f4-0b10-44ca-a43c-f2890ae8ce8d'),('c2cc128a-19af-4216-bc19-65ba6d4cc206','https://images.unsplash.com/photo-1541099649105-f69ad21f3246?auto=format&fit=crop&q=80&w=800','99c4359a-e6b0-405c-8f16-4f4195a5dc40'),('c3024300-3430-4497-af63-24d04a9591b9','https://images.unsplash.com/photo-1577803645773-f96470509666?auto=format&fit=crop&q=80&w=800','f1b72454-5003-44ed-a445-37d49aae3949'),('c33235bc-da37-428e-8ded-4ca184300ed5','https://images.unsplash.com/photo-1539106602058-c09dec524e9f?auto=format&fit=crop&q=80&w=800','b97c44c4-08ac-4e61-9d38-8656a503de81'),('c4de6ef4-ef73-4c03-9830-a7eeada9e278','https://images.unsplash.com/photo-1525966222134-fcfa99b8ae77?auto=format&fit=crop&q=80&w=800','3fcfcd86-09b9-4adc-ba2e-7aed0de83155'),('c550f8c6-f07b-44dd-a666-188307c71041','https://images.unsplash.com/photo-1595777457583-95e059d581b8?auto=format&fit=crop&q=80&w=800','cf0fd451-d5fe-4623-8382-92749dfff3ae'),('c57e020c-4971-4c59-bca6-05e930724bbc','https://images.unsplash.com/photo-1596462502278-27bfdc4033c8?auto=format&fit=crop&q=80&w=800','974387ec-dc84-401b-a17a-8c33a4fa665a'),('c59a8544-e3db-4f8c-a6d1-3efdb3193f0e','https://images.unsplash.com/photo-1525966222134-fcfa99b8ae77?auto=format&fit=crop&q=80&w=800','83cb5550-1bdf-464c-b0e4-9b4d1c27a802'),('c68e5126-6feb-40da-8d1b-bb2f35a4b607','https://images.unsplash.com/photo-1535043934128-cf0b28d52f95?auto=format&fit=crop&q=80&w=800','83cb5550-1bdf-464c-b0e4-9b4d1c27a802'),('c726330c-a2e5-4e67-b9fa-07a0f6d1b1b9','https://images.unsplash.com/photo-1534033641121-1231996677ab?auto=format&fit=crop&q=80&w=800','074216a9-62ef-4297-bfc4-56358f0c75b4'),('c761d191-d671-44cd-82cf-7be8ea1edbd6','https://images.unsplash.com/photo-1518310383802-640c2de311b2?auto=format&fit=crop&q=80&w=800','6658b6e2-36f0-432b-b570-37c4078139ef'),('c79add4c-e4ef-4713-8cb1-67d6a09a0659','https://images.unsplash.com/photo-1475178626620-a4d074967452?auto=format&fit=crop&q=80&w=800','898d520d-98d3-41c7-a02b-7c08811dd721'),('c8acd4c8-0eb8-4883-a8f7-38adbe6cc95e','https://images.unsplash.com/photo-1506629082925-634bd8c14f27?auto=format&fit=crop&q=80&w=800','227faf47-5743-4e03-93d8-2c4747531837'),('c8f9e10a-2a52-4136-b960-2146f40ec569','https://images.unsplash.com/photo-1553062407-98eeb64c6a62?auto=format&fit=crop&q=80&w=800','f1b72454-5003-44ed-a445-37d49aae3949'),('c9f595f0-4333-4c4a-bc9f-226d9c254a72','https://images.unsplash.com/photo-1544923246-77307dd654ca?auto=format&fit=crop&q=80&w=800','8e92e754-854f-4b45-b6c5-745d1b04a07c'),('ca856d6b-9f47-464c-b90b-f48182c46168','https://images.unsplash.com/photo-1544816155-12df9643f363?auto=format&fit=crop&q=80&w=800','ab3d4dbf-8c41-4d8b-8e7c-ab548035aa7b'),('cc117d9f-c6b9-4618-aba0-4f36b8519ebc','https://images.unsplash.com/photo-1595777457583-95e059d581b8?auto=format&fit=crop&q=80&w=800','3c9c04f1-7bed-404a-b52c-4230cbdbd222'),('cd175a1f-622a-4169-9566-96687cd68be9','https://images.unsplash.com/photo-1520975954732-46dd233c5244?auto=format&fit=crop&q=80&w=800','95e64572-6c6e-4450-84c6-2963d0732ea5'),('cdee7885-3be5-4664-bf8f-8c983c20e8ec','https://images.unsplash.com/photo-1551028719-00167b16eac5?auto=format&fit=crop&q=80&w=800','8c97bd57-72a0-4c48-b770-9799221abad8'),('ce291ae2-6857-4771-b64c-88c5eb9e44cf','https://images.unsplash.com/photo-1548036328-c9fa89d128fa?auto=format&fit=crop&q=80&w=800','a5fbdb50-64e1-4655-a198-1315286e66e7'),('cf2162e0-7a22-4d3f-a00a-0ffc1df698e0','https://images.unsplash.com/photo-1544816155-12df9643f363?auto=format&fit=crop&q=80&w=800','84bea7ab-810a-4e0e-8400-005aa9279445'),('cfaf7c84-62da-4b38-a55f-4f94168b5d40','https://images.unsplash.com/photo-1581067720543-84b221bd0851?auto=format&fit=crop&q=80&w=800','170aa39b-76d9-4e17-9f00-2648e0c28deb'),('cfcd5bbc-ceee-472d-aa37-965a78a91ec8','https://images.unsplash.com/photo-1594381898411-846e7d193883?auto=format&fit=crop&q=80&w=800','037864ea-1fc9-4a98-ad96-73c7031b4b64'),('cfd13483-4adc-4394-ba52-c03878390c6b','https://images.unsplash.com/photo-1552674605-db6ffd4facb5?auto=format&fit=crop&q=80&w=800','399bce69-4451-44b7-87de-a9d0418a0764'),('cfe9b921-d658-4d81-8f9d-f8558acd6ff7','https://images.unsplash.com/photo-1518310383802-640c2de311b2?auto=format&fit=crop&q=80&w=800','f67e4567-8860-4bd6-a58a-2cb4722a19a3'),('cff18028-467c-4172-aa9c-54a1571f4158','https://images.unsplash.com/photo-1551488831-00ddcb6c6bd3?auto=format&fit=crop&q=80&w=800','8e92e754-854f-4b45-b6c5-745d1b04a07c'),('d0ab281f-3da7-45e6-8952-ab651dcf69af','https://images.unsplash.com/photo-1555689502-c4b22d76c56f?auto=format&fit=crop&q=80&w=800','99c4359a-e6b0-405c-8f16-4f4195a5dc40'),('d1199608-668f-4133-a96f-0ef90c3a47a7','https://images.unsplash.com/photo-1542291026-7eec264c27ff?auto=format&fit=crop&q=80&w=800','f3141486-1155-45ba-b8c2-a73449f65d63'),('d1c4bab4-f8bf-4ad3-a0f6-abcf434d3777','https://images.unsplash.com/photo-1572635196237-14b3f281503f?auto=format&fit=crop&q=80&w=800','f1b72454-5003-44ed-a445-37d49aae3949'),('d1d66844-83d7-41d4-8691-27ea60e61975','https://images.unsplash.com/photo-1521223890158-f9f7c3d5d504?auto=format&fit=crop&q=80&w=800','98d2492d-be1a-463a-9106-4bf80b9a5f20'),('d1e90ab5-2c76-44cf-a190-88f69a9f90a6','https://images.unsplash.com/photo-1594223274512-ad4803739b7c?auto=format&fit=crop&q=80&w=800','06b0c255-6c1c-4fd6-82c0-d88f3eba7d40'),('d21ddf1d-1708-43f2-a70a-528ca92b1a97','https://images.unsplash.com/photo-1502224562085-639556652f33?auto=format&fit=crop&q=80&w=800','f67e4567-8860-4bd6-a58a-2cb4722a19a3'),('d2d1cb78-9651-490f-976a-d59c7267f533','https://images.unsplash.com/photo-1594633312681-425c7b97ccd1?auto=format&fit=crop&q=80&w=800','8d497794-7a69-4ee0-9ca3-d38da8a1fe20'),('d4bb7224-a7e9-4b45-8e96-57574cc5f019','https://images.unsplash.com/photo-1586790170083-2f9ceadc732d?auto=format&fit=crop&q=80&w=800','10b7acf8-0eb8-41d2-95ef-7020759d7f92'),('d531b4a8-91e8-45fb-9f89-c559edeb069e','https://images.unsplash.com/photo-1539106602058-c09dec524e9f?auto=format&fit=crop&q=80&w=800','cf0fd451-d5fe-4623-8382-92749dfff3ae'),('d5c73717-4409-4856-9d29-d9ced02ccbe8','https://images.unsplash.com/photo-1515886657613-9f3515b0c78f?auto=format&fit=crop&q=80&w=800','1d6424bc-fff7-47d8-8426-8b3f7996b6f6'),('d5d3c062-0c4b-47f9-8118-e542020facb0','https://images.unsplash.com/photo-1560343090-f0409e92791a?auto=format&fit=crop&q=80&w=800','4dad08a3-f67a-4a80-bee9-0e2976850458'),('d6aa2bef-67d6-4694-a3ef-d1a22a625bb0','https://images.unsplash.com/photo-1542272604-787c3835535d?auto=format&fit=crop&q=80&w=800','898d520d-98d3-41c7-a02b-7c08811dd721'),('d6cadf9b-362a-429a-92ba-4ee3ffdb1ac7','https://images.unsplash.com/photo-1553062407-98eeb64c6a62?auto=format&fit=crop&q=80&w=800','4bbc30ee-4c94-49a0-9186-05ea12088be2'),('d8e449fe-b316-4f02-aeab-8c44fc778b51','https://images.unsplash.com/photo-1595950653106-6c9ebd614d3a?auto=format&fit=crop&q=80&w=800','3fcfcd86-09b9-4adc-ba2e-7aed0de83155'),('d9a68d25-ce14-4b95-9d51-8b4203985f0b','https://images.unsplash.com/photo-1551048632-24e23769153e?auto=format&fit=crop&q=80&w=800','cf0fd451-d5fe-4623-8382-92749dfff3ae'),('d9c52729-b351-42f6-8432-e857174b1205','https://images.unsplash.com/photo-1511130523295-e914c58ee3bc?auto=format&fit=crop&q=80&w=800','5fc30db7-940f-4452-8316-850813881ecd'),('d9e658e0-b712-476b-8b77-be19ddb4eabf','https://images.unsplash.com/photo-1565084888279-aff9969bb048?auto=format&fit=crop&q=80&w=800','a3701480-9eba-4ef6-8b05-bdf6b86fff74'),('d9f4a5b3-7a0e-48a3-84bc-2e842a666216','https://images.unsplash.com/photo-1525507119028-ed4c629a60a3?auto=format&fit=crop&q=80&w=800','f8cbb539-d990-4619-91b1-051b547db2b3'),('da12f1ab-fc23-4674-9171-926994ae26bc','https://images.unsplash.com/photo-1521572267360-ee0c2909d518?auto=format&fit=crop&q=80&w=800','1be52253-b6ef-45b2-a2f7-d61db657675b'),('da4f3412-7503-4ea4-a2dd-77d765eacbe5','https://images.unsplash.com/photo-1516762689617-e1cffcef479d?auto=format&fit=crop&q=80&w=800','216026f4-0b10-44ca-a43c-f2890ae8ce8d'),('db9f8069-86b5-4f19-b094-ef43fad6930e','https://images.unsplash.com/photo-1539106602058-c09dec524e9f?auto=format&fit=crop&q=80&w=800','b83698c3-b8a8-47c6-8005-8277bfc2dc16'),('dc43b94e-48c4-4769-8f80-e9277953bb6e','https://images.unsplash.com/photo-1581655353564-df123a1eb820?auto=format&fit=crop&q=80&w=800','2dfea698-16a7-40dd-ae9d-d879052059a9'),('dc602d33-bf8f-4228-8b9c-ff7a8b2a6f27','https://images.unsplash.com/photo-1483721310020-03333e577078?auto=format&fit=crop&q=80&w=800','1d6424bc-fff7-47d8-8426-8b3f7996b6f6'),('dc6567bd-bfae-46b2-8391-c1dcf5327fd2','https://images.unsplash.com/photo-1511130523295-e914c58ee3bc?auto=format&fit=crop&q=80&w=800','ff04a2ea-d01a-4582-87d7-c816c0eb433c'),('dc973bae-3075-4b50-9201-35d55b74128b','string','6c19981c-9524-4db8-96f8-8c9fee18c741'),('dca29361-6cf2-4625-a122-7ab06cfae3eb','https://images.unsplash.com/photo-1595950653106-6c9ebd614d3a?auto=format&fit=crop&q=80&w=800','3c39f920-ffe0-4de9-8f20-027482893586'),('dcb292a4-28bd-4dc0-827a-e09f49ce8f5f','https://images.unsplash.com/photo-1541099649105-f69ad21f3246?auto=format&fit=crop&q=80&w=800','c45e4db7-2dc6-41d5-af88-380b2a22982d'),('dcb496bb-bc82-4fa9-a0c8-cd0162e4ed17','https://images.unsplash.com/photo-1554560397-c467540645fd?auto=format&fit=crop&q=80&w=800','a7f2d909-2078-4695-9322-563e8edd6a56'),('dd224dae-5dfe-41d5-8322-de745fa9802f','https://images.unsplash.com/photo-1483721310020-03333e577078?auto=format&fit=crop&q=80&w=800','fb59d4e6-5db9-464d-a56b-8499a6ba7dd9'),('de3bb235-129a-404e-81b5-bc138143ebc8','https://images.unsplash.com/photo-1591369822096-ffd140ec948f?auto=format&fit=crop&q=80&w=800','97a18f8b-1613-4dfd-a479-009dd59c3a5e'),('ded33138-266b-43ac-8ece-5c639702c553','https://images.unsplash.com/photo-1520903920243-00d872a2d1c9?auto=format&fit=crop&q=80&w=800','4bbc30ee-4c94-49a0-9186-05ea12088be2'),('df08a588-503f-422e-8ceb-ccd611911467','https://images.unsplash.com/photo-1598554747436-c9293d6a588f?auto=format&fit=crop&q=80&w=800','b83698c3-b8a8-47c6-8005-8277bfc2dc16'),('dfd1def0-9ec2-43b7-b813-75c69b9deea4','https://images.unsplash.com/photo-1542272604-787c3835535d?auto=format&fit=crop&q=80&w=800','f8cbb539-d990-4619-91b1-051b547db2b3'),('e0266644-0c0f-4e62-8fe0-79a6f0e5be54','https://images.unsplash.com/photo-1544022613-e87ca75a784a?auto=format&fit=crop&q=80&w=800','70d6c548-41e5-488c-bfd5-7d5fab6df89b'),('e04c52ad-0ce3-43fc-b4f5-68a35282f464','https://images.unsplash.com/photo-1551048632-24e23769153e?auto=format&fit=crop&q=80&w=800','7ce01824-94db-4c0e-9550-0a6dcce54906'),('e13a0f16-f783-48e6-b3cb-75c725f9a307','https://images.unsplash.com/photo-1483721310020-03333e577078?auto=format&fit=crop&q=80&w=800','141187aa-eb73-43a2-9be3-afa93b962c46'),('e1ecf101-52bd-4511-8907-18d42fca559f','https://images.unsplash.com/photo-1543163521-1bf539c55dd2?auto=format&fit=crop&q=80&w=800','534c5615-a598-4d81-bd11-8c49051f7dad'),('e219eefc-df47-427a-b2af-89227799b7c1','https://images.unsplash.com/photo-1518310383802-640c2de311b2?auto=format&fit=crop&q=80&w=800','074af4fa-2373-4594-af09-4635672caa84'),('e3764824-f0ae-4f2b-9d21-8b4199067623','https://images.unsplash.com/photo-1584305116359-ef81daaf4811?auto=format&fit=crop&q=80&w=800','ecc4f08d-68b0-4245-bd62-d7058e81a7b4'),('e43c78b8-64ab-419e-ad52-ebb05aea248f','https://images.unsplash.com/photo-1548036328-c9fa89d128fa?auto=format&fit=crop&q=80&w=800','ee0f0f15-01c2-4d21-ba63-db2ffaac8703'),('e4ab545d-659d-4a7f-b2bf-e28131634969','https://images.unsplash.com/photo-1624222247344-550fb8394014?auto=format&fit=crop&q=80&w=800','ee0f0f15-01c2-4d21-ba63-db2ffaac8703'),('e5346662-71a5-469a-b6b6-69d67f1167b2','https://images.unsplash.com/photo-1598554747436-c9293d6a588f?auto=format&fit=crop&q=80&w=800','cf0fd451-d5fe-4623-8382-92749dfff3ae'),('e5ffaa37-3fb4-452d-929e-065ca5d4db12','https://images.unsplash.com/photo-1515886657613-9f3515b0c78f?auto=format&fit=crop&q=80&w=800','074af4fa-2373-4594-af09-4635672caa84'),('e6968e3c-db91-4e1c-8ee7-92e8c6e5c0d8','https://images.unsplash.com/photo-1512436991641-6745cdb1723f?auto=format&fit=crop&q=80&w=800','4bbc30ee-4c94-49a0-9186-05ea12088be2'),('e7579919-0eb0-4e26-b71d-b8b7576f3464','https://images.unsplash.com/photo-1560243563-062bff001d68?auto=format&fit=crop&q=80&w=800','c45e4db7-2dc6-41d5-af88-380b2a22982d'),('e7af1bce-26f9-4dd1-812c-b05f8fbb0afc','https://images.unsplash.com/photo-1516762689617-e1cffcef479d?auto=format&fit=crop&q=80&w=800','10b7acf8-0eb8-41d2-95ef-7020759d7f92'),('e86d3560-18ed-42c4-8de3-40f10f963447','https://images.unsplash.com/photo-1552902865-b72c031ac5ea?auto=format&fit=crop&q=80&w=800','227faf47-5743-4e03-93d8-2c4747531837'),('e883ee3d-f82c-4682-8f7a-0c9e1e483199','https://images.unsplash.com/photo-1572804013309-59a88b7e92f1?auto=format&fit=crop&q=80&w=800','66d4b114-cbfd-4e2e-93a3-4f12209aac3a'),('e930efbf-fbdb-42fb-a16e-e8dba91f21d4','https://images.unsplash.com/photo-1549298916-b41d501d3772?auto=format&fit=crop&q=80&w=800','fd74acdb-e125-47bc-9689-63e79b11a1e9'),('e99ed495-8c95-4b09-a017-92ba8f5c8d7d','https://images.unsplash.com/photo-1525966222134-fcfa99b8ae77?auto=format&fit=crop&q=80&w=800','f3141486-1155-45ba-b8c2-a73449f65d63'),('e9ac9ff1-66f0-420c-a64d-c0f071c46f59','https://images.unsplash.com/photo-1581655353564-df123a1eb820?auto=format&fit=crop&q=80&w=800','ff04a2ea-d01a-4582-87d7-c816c0eb433c'),('ea89f144-e27b-49cc-8e30-55aa49440a2d','https://images.unsplash.com/photo-1565084888279-aff9969bb048?auto=format&fit=crop&q=80&w=800','31599107-c54b-4a92-9c91-44d5e1ad7581'),('eb641eb3-deaf-4c3a-9e01-5607c18cc523','https://images.unsplash.com/photo-1555689502-c4b22d76c56f?auto=format&fit=crop&q=80&w=800','a3701480-9eba-4ef6-8b05-bdf6b86fff74'),('ec1f8036-dc76-45e4-8ed1-3437f88fe096','https://images.unsplash.com/photo-1626379953822-baec19c3bbcd?auto=format&fit=crop&q=80&w=800','cf9a14e0-bf8e-4805-b20c-8ea7eea1f180'),('ec50c3da-7263-452c-9513-bc0ff5f4142d','https://images.unsplash.com/photo-1483721310020-03333e577078?auto=format&fit=crop&q=80&w=800','6658b6e2-36f0-432b-b570-37c4078139ef'),('ed43e55a-9bb1-4d38-baea-b3d439a2fdf2','https://images.unsplash.com/photo-1542272454315-4c01d7abdf4a?auto=format&fit=crop&q=80&w=800','34515573-0f8e-4385-9c2d-666d23857d7e'),('ed6c3a83-1e82-4cf4-8786-b054a72b8fd3','https://images.unsplash.com/photo-1511130523295-e914c58ee3bc?auto=format&fit=crop&q=80&w=800','7ce01824-94db-4c0e-9550-0a6dcce54906'),('efbca6cc-3bcf-4a84-a92c-174e763caab9','https://images.unsplash.com/photo-1595950653106-6c9ebd614d3a?auto=format&fit=crop&q=80&w=800','7096c319-a0ca-4e10-b874-63995ea1b783'),('efbcf1c8-b441-4f0e-8dbd-9087eb4ba461','https://images.unsplash.com/photo-1496747611176-843222e1e57c?auto=format&fit=crop&q=80&w=800','ec5c53e1-65b2-4a53-86bf-c483407e95a9'),('f089b112-f86e-4a25-81a0-2ed07ee139b8','https://images.unsplash.com/photo-1553062407-98eeb64c6a62?auto=format&fit=crop&q=80&w=800','a99ceaa5-fbe6-44a0-b71a-6b3a6c9633bb'),('f0b8d104-3b01-4db1-872b-300fbc6bed0d','https://images.unsplash.com/photo-1534033641121-1231996677ab?auto=format&fit=crop&q=80&w=800','afc259ed-81db-47a7-8d2b-659f5bf2dcb4'),('f128bd5f-7243-489d-86db-ceeb758af9f5','https://images.unsplash.com/photo-1541099649105-f69ad21f3246?auto=format&fit=crop&q=80&w=800','bb05ccb8-3b6c-42c9-a8f4-b21d264618c6'),('f144bacc-0434-42f8-abcc-37f9b987fde5','https://images.unsplash.com/photo-1560072810-1cffb09faf0f?auto=format&fit=crop&q=80&w=800','e8353e1f-f9b4-423b-8660-7258f7e5dd5b'),('f29e4768-cd15-4942-a57a-eb363b29b300','https://images.unsplash.com/photo-1527010159945-6622eba00293?auto=format&fit=crop&q=80&w=800','6d717707-5bfb-412e-a01b-0c2832d1e871'),('f2a6f1f8-f1a6-4d6a-93ac-65e0a831063d','https://images.unsplash.com/photo-1521223890158-f9f7c3d5d504?auto=format&fit=crop&q=80&w=800','8c97bd57-72a0-4c48-b770-9799221abad8'),('f366a424-0da5-4668-841b-538b404e77f4','https://images.unsplash.com/photo-1485231183945-3ec83e8f8103?auto=format&fit=crop&q=80&w=800','a7f2d909-2078-4695-9322-563e8edd6a56'),('f527c43d-91bd-4cb2-a65b-7e6241210dc7','https://images.unsplash.com/photo-1581655353564-df123a1eb820?auto=format&fit=crop&q=80&w=800','d3655e37-2704-47e3-80a8-cee26ea7c009'),('f537f1b0-8ecb-4f6b-9d18-23ba5713734f','https://images.unsplash.com/photo-1618244972963-dbee1a7edc95?auto=format&fit=crop&q=80&w=800','97a18f8b-1613-4dfd-a479-009dd59c3a5e'),('f71122c0-9565-4e1d-9164-330b8e6e0972','https://images.unsplash.com/photo-1591195853828-11db59a44f6b?auto=format&fit=crop&q=80&w=800','ecc4f08d-68b0-4245-bd62-d7058e81a7b4'),('f8532287-ca06-48ea-85ca-e0a51cc56344','https://images.unsplash.com/photo-1496747611176-843222e1e57c?auto=format&fit=crop&q=80&w=800','b83698c3-b8a8-47c6-8005-8277bfc2dc16'),('f97ad1fe-3dd4-4321-b582-8db916cb134b','https://images.unsplash.com/photo-1541099649105-f69ad21f3246?auto=format&fit=crop&q=80&w=800','227faf47-5743-4e03-93d8-2c4747531837'),('f9cae26b-7a41-4346-853a-c341f1709b26','https://images.unsplash.com/photo-1523381210434-271e8be1f52b?auto=format&fit=crop&q=80&w=800','d3655e37-2704-47e3-80a8-cee26ea7c009'),('fa00e14b-a8b5-4ad4-a63b-8e93cd9cebd7','https://images.unsplash.com/photo-1521572267360-ee0c2909d518?auto=format&fit=crop&q=80&w=800','a5593952-c67e-4c71-ab1f-a73796c4282c'),('fb40dc99-e9df-48a2-9030-4ea78ab192ad','https://images.unsplash.com/photo-1544923246-77307dd654ca?auto=format&fit=crop&q=80&w=800','80e11e7f-cc8b-40da-b600-dab315612a3e'),('fb423c18-0041-4d51-964b-af5d87314abd','https://images.unsplash.com/photo-1560343090-f0409e92791a?auto=format&fit=crop&q=80&w=800','a30ca466-4158-4847-8804-2005390d33f0'),('fcc971bf-5325-4a49-b6b9-2bc4efd41204','https://images.unsplash.com/photo-1548036328-c9fa89d128fa?auto=format&fit=crop&q=80&w=800','06b0c255-6c1c-4fd6-82c0-d88f3eba7d40'),('fcebc7ff-0ea4-43ba-a84a-431247ac3ed8','https://images.unsplash.com/photo-1504191467541-251101a91e45?auto=format&fit=crop&q=80&w=800','399bce69-4451-44b7-87de-a9d0418a0764'),('fe0fc6ea-a704-458b-9ca8-1a575972acd5','https://images.unsplash.com/photo-1544923246-77307dd654ca?auto=format&fit=crop&q=80&w=800','34515573-0f8e-4385-9c2d-666d23857d7e'),('fe2a4d21-61cd-4f8e-b079-80713d50db2e','https://images.unsplash.com/photo-1515886657613-9f3515b0c78f?auto=format&fit=crop&q=80&w=800','9f999813-329c-4dd3-b946-2e9a63153ca0'),('ff81e23f-2a35-4ddb-afd8-4469479e65a4','https://images.unsplash.com/photo-1495385794356-15371f348c31?auto=format&fit=crop&q=80&w=800','6c10301e-0250-4613-8fb5-dd62513ee8c0'),('ffa66e2f-ed0f-4e00-a679-5e3057c4864a','https://images.unsplash.com/photo-1511499767390-91f197606028?auto=format&fit=crop&q=80&w=800','f1b72454-5003-44ed-a445-37d49aae3949');
/*!40000 ALTER TABLE `product_image` ENABLE KEYS */;
UNLOCK TABLES;

--
-- Table structure for table `product_variant`
--

DROP TABLE IF EXISTS `product_variant`;
/*!40101 SET @saved_cs_client     = @@character_set_client */;
/*!50503 SET character_set_client = utf8mb4 */;
CREATE TABLE `product_variant` (
  `id` varchar(255) NOT NULL,
  `price` double NOT NULL,
  `quantity` int NOT NULL,
  `size` varchar(255) DEFAULT NULL,
  `color_id` varchar(255) DEFAULT NULL,
  `product_id` varchar(255) NOT NULL,
  PRIMARY KEY (`id`),
  KEY `FK26sy7x8elnn2ox3gju8hv79o9` (`color_id`),
  KEY `FKgrbbs9t374m9gg43l6tq1xwdj` (`product_id`),
  CONSTRAINT `FK26sy7x8elnn2ox3gju8hv79o9` FOREIGN KEY (`color_id`) REFERENCES `colors` (`id`),
  CONSTRAINT `FKgrbbs9t374m9gg43l6tq1xwdj` FOREIGN KEY (`product_id`) REFERENCES `product` (`id`)
) ENGINE=InnoDB DEFAULT CHARSET=utf8mb4 COLLATE=utf8mb4_0900_ai_ci;
/*!40101 SET character_set_client = @saved_cs_client */;

--
-- Dumping data for table `product_variant`
--

LOCK TABLES `product_variant` WRITE;
/*!40000 ALTER TABLE `product_variant` DISABLE KEYS */;
INSERT INTO `product_variant` VALUES ('00c27440-41a1-4b58-afe4-7a82badf0440',250000,67,'M','ba5ab259-278f-11f1-99ab-2efcaabefba6','ee0f0f15-01c2-4d21-ba63-db2ffaac8703'),('00c5a81a-3bde-4fa3-b5d0-acdc0c447eb2',850000,24,'S','ba5a8518-278f-11f1-99ab-2efcaabefba6','66d4b114-cbfd-4e2e-93a3-4f12209aac3a'),('010daaf5-6aa8-4b09-b0ac-4de7da8926cc',490000,100,'M','ba5abc5c-278f-11f1-99ab-2efcaabefba6','afc259ed-81db-47a7-8d2b-659f5bf2dcb4'),('014fbc58-4d68-4ce2-bdc4-158354f62b50',450000,50,'M','ba5ab55f-278f-11f1-99ab-2efcaabefba6','037864ea-1fc9-4a98-ad96-73c7031b4b64'),('015d858e-c883-49cc-8ec8-89a4035bfcea',1650000,18,'S','ba5ab46d-278f-11f1-99ab-2efcaabefba6','2086653f-e611-43e3-8987-f69ef03918d8'),('01825b28-22a3-4f88-a516-f601fa351794',450000,80,'M','ba5a8518-278f-11f1-99ab-2efcaabefba6','30c4b7eb-2366-462e-be69-379778fedd7a'),('01b7c542-f313-44b8-8f7c-a896fecacd3c',3150000,10,'40','ba5a8518-278f-11f1-99ab-2efcaabefba6','6cecfe6c-792f-4291-80bb-607d3b170822'),('01b7eaca-d840-472d-8cf5-c48de44e68cb',650000,20,'M','ba5ab500-278f-11f1-99ab-2efcaabefba6','985929b7-a7f2-479b-9d76-584d1f8d370e'),('022d8c2d-b4ee-4c9d-baab-03e9285334c2',1450000,40,'M','ba5ab3cb-278f-11f1-99ab-2efcaabefba6','8e92e754-854f-4b45-b6c5-745d1b04a07c'),('030281bd-753e-425f-b243-58d2bc5358e5',1950000,30,'S','ba5aacc1-278f-11f1-99ab-2efcaabefba6','97a18f8b-1613-4dfd-a479-009dd59c3a5e'),('030a566b-01c9-4794-b576-990ee6a37040',1950000,15,'S','ba5abc5c-278f-11f1-99ab-2efcaabefba6','97a18f8b-1613-4dfd-a479-009dd59c3a5e'),('039b662d-6f50-4c40-b1f7-572416706066',790000,30,'M','ba5ab46d-278f-11f1-99ab-2efcaabefba6','1be52253-b6ef-45b2-a2f7-d61db657675b'),('03b09d9f-84d2-4f61-a66e-f8a448adbf86',5250000,10,'S','ba5abb8d-278f-11f1-99ab-2efcaabefba6','a99ceaa5-fbe6-44a0-b71a-6b3a6c9633bb'),('03b8bd4f-1ba6-4f39-955c-342e71efe1e8',1250000,10,'S','ba5abc5c-278f-11f1-99ab-2efcaabefba6','eaf8958e-6aa1-47e5-afb9-a304d1870216'),('06c1ceab-5f8f-4e9b-bf62-076ebf32ae41',12500000,5,'M','ba5ab5de-278f-11f1-99ab-2efcaabefba6','ce99c11e-22f3-4314-8ec4-bff442bd590c'),('06e36e86-951f-4bc0-ad86-bc4a0c3baa34',3950000,15,'41','ba5ab3cb-278f-11f1-99ab-2efcaabefba6','b45a6716-a872-45f7-b592-b51a75d7c18f'),('0797722c-23d7-4d07-a139-d78b998a78ee',4250000,20,'M','ba5aacc1-278f-11f1-99ab-2efcaabefba6','026b8f7b-9d62-406d-b4b5-ad0766a5feda'),('07cc999b-6116-4b0d-917e-7d0bac372ab7',650000,60,'S','ba5ab259-278f-11f1-99ab-2efcaabefba6','0fbd50af-473d-4715-9941-0b33bab46bf9'),('09ed3ea9-583f-4409-8067-8a80624ea7c0',1350000,20,'39','ba5abc5c-278f-11f1-99ab-2efcaabefba6','534c5615-a598-4d81-bd11-8c49051f7dad'),('0ae23a02-3a79-42f4-bec5-e25afc3f97e0',1150000,10,'L','ba5abc5c-278f-11f1-99ab-2efcaabefba6','5fc30db7-940f-4452-8316-850813881ecd'),('0ba86669-2a05-4c7e-bbf0-79a89dc17f9b',550000,100,'M','ba5ab259-278f-11f1-99ab-2efcaabefba6','227faf47-5743-4e03-93d8-2c4747531837'),('0cba0214-db43-4298-84bb-fecfb952acdf',690000,15,'M','ba5aba10-278f-11f1-99ab-2efcaabefba6','783c2f99-648a-4501-997b-0838b38e1fbb'),('0df885b1-be37-4f51-8e7b-1dff7917d935',950000,50,'M','ba5abc5c-278f-11f1-99ab-2efcaabefba6','4bbc30ee-4c94-49a0-9186-05ea12088be2'),('0e651df3-aae6-4a6b-a138-4ffee9d19800',1200000,20,'S','ba5aacc1-278f-11f1-99ab-2efcaabefba6','399bce69-4451-44b7-87de-a9d0418a0764'),('0fe4e569-1e2a-4d70-a01a-1f15b3dd89f7',590000,40,'S','ba5ab46d-278f-11f1-99ab-2efcaabefba6','ec5c53e1-65b2-4a53-86bf-c483407e95a9'),('12afa04f-e0c8-4914-83e3-3290650cff3c',2850000,10,'S','ba5ab259-278f-11f1-99ab-2efcaabefba6','95e64572-6c6e-4450-84c6-2963d0732ea5'),('12cd9f41-eb2b-4360-8798-57b4eaabda2d',650000,95,'M','ba5abc5c-278f-11f1-99ab-2efcaabefba6','99c4359a-e6b0-405c-8f16-4f4195a5dc40'),('1473150b-1b10-4220-9e53-110f674e894b',2850000,20,'M','ba5abc5c-278f-11f1-99ab-2efcaabefba6','95e64572-6c6e-4450-84c6-2963d0732ea5'),('14cd747d-653d-429b-81e6-e6c66b404122',1450000,15,'XL','ba5aba10-278f-11f1-99ab-2efcaabefba6','8e92e754-854f-4b45-b6c5-745d1b04a07c'),('157f465b-55e0-41fe-893c-27b888dba426',3200000,12,'M','ba5aacc1-278f-11f1-99ab-2efcaabefba6','70d6c548-41e5-488c-bfd5-7d5fab6df89b'),('158af962-1d38-4afc-bfa8-0c5fcbeb3aee',650000,40,'S','ba5aacc1-278f-11f1-99ab-2efcaabefba6','f67e4567-8860-4bd6-a58a-2cb4722a19a3'),('15a29b16-88a1-49f8-ad74-82bdc4960cd4',290000,100,'M','ba5aacc1-278f-11f1-99ab-2efcaabefba6','d3655e37-2704-47e3-80a8-cee26ea7c009'),('15eff1d2-f340-44c4-8f54-0d9b8212f694',1450000,30,'S','ba5ab3cb-278f-11f1-99ab-2efcaabefba6','8e92e754-854f-4b45-b6c5-745d1b04a07c'),('165c9a06-f42e-474a-823f-87b119f6ec32',850000,45,'S','ba5ab46d-278f-11f1-99ab-2efcaabefba6','66d4b114-cbfd-4e2e-93a3-4f12209aac3a'),('179f7440-2d3b-4cad-9d0f-7efcd9562885',950000,40,'S','ba5ab5a0-278f-11f1-99ab-2efcaabefba6','31599107-c54b-4a92-9c91-44d5e1ad7581'),('18738be5-cc3d-4b4c-963f-5632b2d73f44',3850000,15,'41','ba5aacc1-278f-11f1-99ab-2efcaabefba6','fe5a9012-509e-4376-837c-bee800613717'),('189cc4a5-9485-489f-8360-e563880ff605',1650000,20,'M','ba5abc5c-278f-11f1-99ab-2efcaabefba6','a5fbdb50-64e1-4655-a198-1315286e66e7'),('18ce31a7-4d6d-432f-bfc2-68398a37d2ba',5400000,8,'S','ba5abc5c-278f-11f1-99ab-2efcaabefba6','170aa39b-76d9-4e17-9f00-2648e0c28deb'),('1b801a05-e82d-4efb-aec7-0bd95926b9e4',3100000,15,'40','ba5a8518-278f-11f1-99ab-2efcaabefba6','3fcfcd86-09b9-4adc-ba2e-7aed0de83155'),('1c994fb2-7a90-47f0-9eb4-5077ded6e6cb',950000,50,'38','ba5abc5c-278f-11f1-99ab-2efcaabefba6','4dad08a3-f67a-4a80-bee9-0e2976850458'),('1cc44ea0-ef83-4eb0-8426-00bd1a741e7a',550000,70,'M','ba5ab500-278f-11f1-99ab-2efcaabefba6','a5593952-c67e-4c71-ab1f-a73796c4282c'),('1d5cc3f0-0a72-498c-9336-71381b903cae',1350000,20,'L','ba5ab46d-278f-11f1-99ab-2efcaabefba6','9f999813-329c-4dd3-b946-2e9a63153ca0'),('1e2d5906-cfc3-420c-94b4-ac76857c5448',350000,100,'M','ba5ab259-278f-11f1-99ab-2efcaabefba6','2823b9f8-a827-4248-adec-433738bcece3'),('1fe3582a-928c-45aa-833d-6cddfd78e81d',850000,60,'39','ba5aacc1-278f-11f1-99ab-2efcaabefba6','f3141486-1155-45ba-b8c2-a73449f65d63'),('200182da-9d6c-428c-97f2-ec32fdadbba8',850000,20,'XL','ba5a8518-278f-11f1-99ab-2efcaabefba6','3c9c04f1-7bed-404a-b52c-4230cbdbd222'),('2023314c-9ec4-4d5b-ba4b-299dd384d7ff',1250000,55,'L','ba5aacc1-278f-11f1-99ab-2efcaabefba6','e8353e1f-f9b4-423b-8660-7258f7e5dd5b'),('204150d6-2766-4e09-9c95-c1bf9db7aa1e',3500000,25,'S','ba5ab3cb-278f-11f1-99ab-2efcaabefba6','34515573-0f8e-4385-9c2d-666d23857d7e'),('212a7564-59ee-48e8-bc81-5b8b832ba5f6',650000,25,'S','ba5abc5c-278f-11f1-99ab-2efcaabefba6','985929b7-a7f2-479b-9d76-584d1f8d370e'),('2138233a-f57a-4721-921b-4ef97d3ec228',1450000,40,'S','ba5aba10-278f-11f1-99ab-2efcaabefba6','074af4fa-2373-4594-af09-4635672caa84'),('2220dc5e-4966-4c4e-b3a3-58bdcc441a52',890000,30,'L','ba5ab259-278f-11f1-99ab-2efcaabefba6','98d2492d-be1a-463a-9106-4bf80b9a5f20'),('23b7d44d-d893-4350-9613-c5ba9be4facb',1200000,45,'L','ba5ab55f-278f-11f1-99ab-2efcaabefba6','399bce69-4451-44b7-87de-a9d0418a0764'),('24569cf0-9632-4293-be0c-fcf72dfc902e',2650000,20,'39','ba5a8518-278f-11f1-99ab-2efcaabefba6','7096c319-a0ca-4e10-b874-63995ea1b783'),('24705a32-ccf4-475d-b1a1-c69804798a1b',3100000,10,'38','ba5a8518-278f-11f1-99ab-2efcaabefba6','3fcfcd86-09b9-4adc-ba2e-7aed0de83155'),('24d3eeac-8bf6-49fb-b105-7c2c9fee5f67',4250000,15,'M','ba5ab5de-278f-11f1-99ab-2efcaabefba6','026b8f7b-9d62-406d-b4b5-ad0766a5feda'),('2503ada6-dc8d-47ed-9da8-389692e5385b',5250000,20,'S','ba5ab5de-278f-11f1-99ab-2efcaabefba6','a99ceaa5-fbe6-44a0-b71a-6b3a6c9633bb'),('25091e2c-9c7f-43d2-b9ca-d34c0d2d03e4',1100000,55,'M','ba5a8518-278f-11f1-99ab-2efcaabefba6','a7f2d909-2078-4695-9322-563e8edd6a56'),('27551e4b-c608-40a2-b0f3-d0a895d25064',250000,100,'M','ba5aacc1-278f-11f1-99ab-2efcaabefba6','ee0f0f15-01c2-4d21-ba63-db2ffaac8703'),('28670132-7e5f-4460-a534-9626b479202d',3500000,15,'XL','ba5ab259-278f-11f1-99ab-2efcaabefba6','34515573-0f8e-4385-9c2d-666d23857d7e'),('28b217f7-f1f2-4993-9a5c-5cdd60a898c5',1250000,20,'XL','ba5aacc1-278f-11f1-99ab-2efcaabefba6','ca2b1bca-a4ca-452b-ad5a-7ef1759d2474'),('291c8f28-f64e-4153-8c79-611151bc3e66',3500000,30,'M','ba5aacc1-278f-11f1-99ab-2efcaabefba6','34515573-0f8e-4385-9c2d-666d23857d7e'),('294d1302-7dae-4649-bc8f-ee7b2c67ad27',1150000,20,'39','ba5aba10-278f-11f1-99ab-2efcaabefba6','a30ca466-4158-4847-8804-2005390d33f0'),('29a488bc-01ab-4689-bcaf-83b3ff159f33',1250000,25,'38','ba5abc5c-278f-11f1-99ab-2efcaabefba6','83cb5550-1bdf-464c-b0e4-9b4d1c27a802'),('29d16f83-6eb1-403f-b67d-7643d5bba95a',1850000,15,'S','ba5ab425-278f-11f1-99ab-2efcaabefba6','fb59d4e6-5db9-464d-a56b-8499a6ba7dd9'),('29fc0b72-46a3-46f4-aea9-04b1bc17fc9d',8500000,10,'L','ba5aacc1-278f-11f1-99ab-2efcaabefba6','ff7fa9d5-6565-479d-b1c5-1c8bc0ecff3f'),('2a2a0882-d167-4b00-9a2c-2268f3afbd73',4500000,12,'39','ba5a8518-278f-11f1-99ab-2efcaabefba6','24e9a912-602e-43c6-a5a2-c114a67ee4e9'),('2b337dee-00f2-45f8-81dd-42c6069e6936',1100000,45,'L','ba5ab5de-278f-11f1-99ab-2efcaabefba6','b1d20b3e-949e-4758-8f4e-703dfbe93ddc'),('2ba47800-14df-462f-9c35-ac8f11d1a05b',950000,30,'L','ba5ab3cb-278f-11f1-99ab-2efcaabefba6','8d497794-7a69-4ee0-9ca3-d38da8a1fe20'),('2c4fa3d2-f38d-4d4c-92e5-53b4f79b7f6c',450000,90,'L','ba5ab3cb-278f-11f1-99ab-2efcaabefba6','037864ea-1fc9-4a98-ad96-73c7031b4b64'),('2c76d24c-3d1d-4607-9b5b-740bee88e7e4',850000,40,'42','ba5aacc1-278f-11f1-99ab-2efcaabefba6','f3141486-1155-45ba-b8c2-a73449f65d63'),('2c866558-0236-489b-ac04-26d87836427e',450000,65,'M','ba5aacc1-278f-11f1-99ab-2efcaabefba6','10b7acf8-0eb8-41d2-95ef-7020759d7f92'),('2ca553cf-1d55-45c6-a780-75a254ca32bd',1850000,30,'M','ba5aacc1-278f-11f1-99ab-2efcaabefba6','e450c798-488b-4768-ba8b-e0396fe82219'),('2d4b6cc5-d8a9-4e4b-8d68-4b78a09b0ffc',2850000,15,'42','ba5a8518-278f-11f1-99ab-2efcaabefba6','3c39f920-ffe0-4de9-8f20-027482893586'),('2df5b57c-8842-430c-a75c-b17c12ed2c09',750000,40,'M','ba5abbfb-278f-11f1-99ab-2efcaabefba6','ae4dc04c-4136-45b2-bc30-fc0d47e65714'),('2e55b1cc-ed0d-435c-bb81-21c8e11ff8f0',12500000,3,'M','ba5abc5c-278f-11f1-99ab-2efcaabefba6','ce99c11e-22f3-4314-8ec4-bff442bd590c'),('2e8549af-b440-4f11-a61f-1cba56b3f3a8',1250000,25,'L','ba5ab259-278f-11f1-99ab-2efcaabefba6','51ca4cc3-51a4-4632-a2c8-2050885eef43'),('2e91d087-4569-4d6e-926d-b572f3cda122',0.1,1073741823,'string','ba5ab46d-278f-11f1-99ab-2efcaabefba6','6c19981c-9524-4db8-96f8-8c9fee18c741'),('2ea99733-3561-4618-a2da-6d05cbe9b663',8500000,12,'S','ba5aacc1-278f-11f1-99ab-2efcaabefba6','ff7fa9d5-6565-479d-b1c5-1c8bc0ecff3f'),('2eac7d9f-c900-42e0-8ff2-ea285f80f088',650000,100,'M','ba5a8518-278f-11f1-99ab-2efcaabefba6','f67e4567-8860-4bd6-a58a-2cb4722a19a3'),('2f21f9f9-1d30-47c1-805c-83b209ee843c',790000,70,'L','ba5ab259-278f-11f1-99ab-2efcaabefba6','80e11e7f-cc8b-40da-b600-dab315612a3e'),('30c01c41-3fee-478b-ac87-f0ccb1553f8d',3250000,20,'XL','ba5ab3cb-278f-11f1-99ab-2efcaabefba6','84bea7ab-810a-4e0e-8400-005aa9279445'),('32fd26d4-8377-487b-b8cd-a47624749b09',1650000,15,'XL','ba5aacc1-278f-11f1-99ab-2efcaabefba6','898d520d-98d3-41c7-a02b-7c08811dd721'),('336844d4-8384-4744-ad6e-f72702014472',450000,50,'L','ba5ab259-278f-11f1-99ab-2efcaabefba6','4eb5878c-d9e2-4b86-b5f9-74a03565ef3d'),('33880a03-d10e-4136-9a81-bf74517f8451',850000,40,'M','ba5aacc1-278f-11f1-99ab-2efcaabefba6','f1b72454-5003-44ed-a445-37d49aae3949'),('34810ad9-b822-4b4e-a8f3-cc9bb15c3fee',350000,60,'S','ba5ab46d-278f-11f1-99ab-2efcaabefba6','f2b8d7d7-d3e4-4efa-b431-22622f1187e1'),('34979861-6bd0-4765-a962-ed2fba5de52f',2850000,12,'39','ba5a8518-278f-11f1-99ab-2efcaabefba6','3c39f920-ffe0-4de9-8f20-027482893586'),('3786939a-16d1-469c-8808-8781aae35036',950000,30,'M','ba5ab5de-278f-11f1-99ab-2efcaabefba6','4bbc30ee-4c94-49a0-9186-05ea12088be2'),('383939e8-8551-4773-900e-dd64cc1386e9',1850000,10,'XL','ba5ab259-278f-11f1-99ab-2efcaabefba6','78dd7467-7195-4bb8-af26-8cef94ed93e1'),('3899a9ae-08a8-43be-b470-f8069b52fe44',1250000,40,'S','ba5ab500-278f-11f1-99ab-2efcaabefba6','51ca4cc3-51a4-4632-a2c8-2050885eef43'),('38e29a8e-3b9b-439e-a983-edd16c672817',490000,50,'L','ba5a8518-278f-11f1-99ab-2efcaabefba6','7ce01824-94db-4c0e-9550-0a6dcce54906'),('3979e29e-a6c0-46c9-b664-61db72fa8d9f',850000,80,'41','ba5ab3cb-278f-11f1-99ab-2efcaabefba6','f3141486-1155-45ba-b8c2-a73449f65d63'),('3ab16856-2be6-4a0b-bd9f-3066455c34e0',1850000,40,'L','ba5aacc1-278f-11f1-99ab-2efcaabefba6','70eb3cf5-e724-4480-9667-b1fff386d02b'),('3b59e4c7-64de-4b90-a361-1f195b42d873',550000,80,'L','ba5aacc1-278f-11f1-99ab-2efcaabefba6','227faf47-5743-4e03-93d8-2c4747531837'),('3cce6933-7a4d-443a-ab9b-f1ae5c50800a',1150000,35,'M','ba5ab46d-278f-11f1-99ab-2efcaabefba6','5fc30db7-940f-4452-8316-850813881ecd'),('3d6e7e4c-a01d-4b9b-8ee1-aa6ccd058e77',1450000,20,'L','ba5aba10-278f-11f1-99ab-2efcaabefba6','8e92e754-854f-4b45-b6c5-745d1b04a07c'),('3db3a819-b971-44c5-938f-48be0a7cd8b4',450000,40,'L','ba5aacc1-278f-11f1-99ab-2efcaabefba6','30c4b7eb-2366-462e-be69-379778fedd7a'),('3f4d9eca-a5f6-45f2-bb11-4997dd9644d0',2850000,20,'38','ba5a8518-278f-11f1-99ab-2efcaabefba6','3c39f920-ffe0-4de9-8f20-027482893586'),('407526ec-7a4d-4ea4-b11b-da98cba561db',890000,10,'S','ba5abc5c-278f-11f1-99ab-2efcaabefba6','b83698c3-b8a8-47c6-8005-8277bfc2dc16'),('415db013-689e-497e-abc0-cfd75747477e',950000,25,'M','ba5ab5a0-278f-11f1-99ab-2efcaabefba6','31599107-c54b-4a92-9c91-44d5e1ad7581'),('45268c23-7d6a-4bae-add0-caa3a68dc703',450000,50,'S','ba5a8518-278f-11f1-99ab-2efcaabefba6','10b7acf8-0eb8-41d2-95ef-7020759d7f92'),('45717008-cfe0-4bc8-b7a4-a7d041ddcae5',690000,40,'L','ba5ab3cb-278f-11f1-99ab-2efcaabefba6','2dfea698-16a7-40dd-ae9d-d879052059a9'),('45d6d857-75c8-447f-ba1a-db8d29c46385',950000,55,'M','ba5ab5a0-278f-11f1-99ab-2efcaabefba6','31599107-c54b-4a92-9c91-44d5e1ad7581'),('46a641d1-d64d-42a4-8e1a-d82db6154054',450000,50,'M','ba5ab259-278f-11f1-99ab-2efcaabefba6','30c4b7eb-2366-462e-be69-379778fedd7a'),('46a98e91-df7e-46ae-baed-ddf63b35905b',850000,12,'L','ba5a8518-278f-11f1-99ab-2efcaabefba6','66d4b114-cbfd-4e2e-93a3-4f12209aac3a'),('47bdcc4b-b23c-4b18-ac4a-c4f0a3a18c77',1100000,25,'S','ba5abc5c-278f-11f1-99ab-2efcaabefba6','b1d20b3e-949e-4758-8f4e-703dfbe93ddc'),('47cf6831-9a57-45d5-a6cc-e7d5760c0da9',3950000,25,'40','ba5aacc1-278f-11f1-99ab-2efcaabefba6','b45a6716-a872-45f7-b592-b51a75d7c18f'),('48271c1a-b0b4-41ef-88b5-8fbc707ff1df',1650000,10,'M','ba5aacc1-278f-11f1-99ab-2efcaabefba6','a5fbdb50-64e1-4655-a198-1315286e66e7'),('488f5be2-c703-4f58-b83a-ffa3a1883e3c',350000,85,'L','ba5abc5c-278f-11f1-99ab-2efcaabefba6','ab3d4dbf-8c41-4d8b-8e7c-ab548035aa7b'),('492e4837-f54e-4252-88c9-74e2ae0f1765',3250000,15,'38','ba5a8518-278f-11f1-99ab-2efcaabefba6','cf9a14e0-bf8e-4805-b20c-8ea7eea1f180'),('497ae09d-e367-466a-863c-164ac1db2528',1450000,55,'M','ba5aba10-278f-11f1-99ab-2efcaabefba6','074af4fa-2373-4594-af09-4635672caa84'),('4ac85908-b32e-472d-90e0-f3e379a5833c',590000,70,'L','ba5ab3cb-278f-11f1-99ab-2efcaabefba6','ec6d7fa9-01a1-43af-bb00-b035822cafb4'),('4ade142e-a5d5-4c8b-8b7c-d3cd891a89a1',1950000,25,'L','ba5ab259-278f-11f1-99ab-2efcaabefba6','97a18f8b-1613-4dfd-a479-009dd59c3a5e'),('4bca6d26-0eed-4142-8f3d-73cf4cc2ce10',890000,15,'S','ba5aacc1-278f-11f1-99ab-2efcaabefba6','98d2492d-be1a-463a-9106-4bf80b9a5f20'),('4d17a65b-e445-47e1-9dd5-973f5a44a1a5',950000,20,'M','ba5abc5c-278f-11f1-99ab-2efcaabefba6','0130a681-5e53-49da-bccb-d650580f5200'),('4ffb1e0f-784b-4ecd-8ee5-b00382a40adb',450000,70,'XL','ba5aacc1-278f-11f1-99ab-2efcaabefba6','037864ea-1fc9-4a98-ad96-73c7031b4b64'),('503d3352-ce7b-4fd8-b445-5bb7b7557595',1650000,35,'L','ba5ab3cb-278f-11f1-99ab-2efcaabefba6','6d717707-5bfb-412e-a01b-0c2832d1e871'),('507e58a3-8787-4bd4-ae1f-1b7fcb604399',950000,60,'L','ba5ab425-278f-11f1-99ab-2efcaabefba6','62e2446f-e4c9-412f-bc16-eed406cf94c1'),('52109a54-aae4-4d0a-a509-68af3561d7e4',2450000,15,'XL','ba5aacc1-278f-11f1-99ab-2efcaabefba6','141187aa-eb73-43a2-9be3-afa93b962c46'),('523a4357-74b9-4b92-a3d0-a31bc6f2e3bf',650000,80,'S','ba5abc5c-278f-11f1-99ab-2efcaabefba6','99c4359a-e6b0-405c-8f16-4f4195a5dc40'),('5295b465-eed7-4a96-835d-6af363534661',1450000,22,'S','ba5ab3cb-278f-11f1-99ab-2efcaabefba6','c45e4db7-2dc6-41d5-af88-380b2a22982d'),('52a5b5cb-0ee7-43fb-8735-363f5f5905cf',1650000,15,'M','ba5ab5de-278f-11f1-99ab-2efcaabefba6','a5fbdb50-64e1-4655-a198-1315286e66e7'),('52e5de71-078e-4afa-97ea-d00c3b475795',1850000,25,'M','ba5aba10-278f-11f1-99ab-2efcaabefba6','fb59d4e6-5db9-464d-a56b-8499a6ba7dd9'),('53893d71-f798-4d55-91ce-ffd581c62cba',1850000,30,'XL','ba5ab3cb-278f-11f1-99ab-2efcaabefba6','70eb3cf5-e724-4480-9667-b1fff386d02b'),('539b46eb-4f38-46f4-8d12-55ec94a44444',890000,15,'L','ba5ab46d-278f-11f1-99ab-2efcaabefba6','b83698c3-b8a8-47c6-8005-8277bfc2dc16'),('542ae8d0-90ec-47a2-b52c-7a3fb6957b82',2650000,30,'38','ba5a8518-278f-11f1-99ab-2efcaabefba6','7096c319-a0ca-4e10-b874-63995ea1b783'),('544cc8d1-4f6f-4cca-9b61-70a69affd387',590000,55,'M','ba5ab500-278f-11f1-99ab-2efcaabefba6','ec5c53e1-65b2-4a53-86bf-c483407e95a9'),('5481ac21-0135-496c-af97-21b7f2324c0d',950000,40,'S','ba5ab425-278f-11f1-99ab-2efcaabefba6','1d6424bc-fff7-47d8-8426-8b3f7996b6f6'),('54c4e3a0-2aaa-41eb-bbc0-f5525fa41781',690000,20,'S','ba5aacc1-278f-11f1-99ab-2efcaabefba6','783c2f99-648a-4501-997b-0838b38e1fbb'),('5712041f-b192-451a-a78b-8a83a72a5ddf',250000,80,'XL','ba5abc5c-278f-11f1-99ab-2efcaabefba6','ff04a2ea-d01a-4582-87d7-c816c0eb433c'),('57789a57-a47b-4710-a442-93843634a7e3',250000,50,'S','ba5ab3cb-278f-11f1-99ab-2efcaabefba6','ff04a2ea-d01a-4582-87d7-c816c0eb433c'),('5785ba87-aa6f-4c5f-a33c-ec4ec722ee05',850000,50,'L','ba5ab259-278f-11f1-99ab-2efcaabefba6','074216a9-62ef-4297-bfc4-56358f0c75b4'),('57fb64eb-64a1-4e07-bcb1-1fd441a04849',1850000,20,'XL','ba5ab259-278f-11f1-99ab-2efcaabefba6','e450c798-488b-4768-ba8b-e0396fe82219'),('59d5110e-80a7-4992-a320-0a9db1e00f55',1450000,15,'M','ba5ab259-278f-11f1-99ab-2efcaabefba6','38c10fae-c326-4117-a9f1-438c47086a1b'),('5a4cbbd3-445b-4906-8478-26fc45024aea',850000,40,'L','ba5ab425-278f-11f1-99ab-2efcaabefba6','bb05ccb8-3b6c-42c9-a8f4-b21d264618c6'),('5a9ea1a8-e0ef-4e1a-a4c9-ff7ecd1f52dc',1650000,12,'S','ba5abc5c-278f-11f1-99ab-2efcaabefba6','a5fbdb50-64e1-4655-a198-1315286e66e7'),('5be6a858-8138-4c57-b935-21bb9a475f9b',850000,30,'M','ba5ab46d-278f-11f1-99ab-2efcaabefba6','66d4b114-cbfd-4e2e-93a3-4f12209aac3a'),('5bfeae82-086f-49b9-8ffe-6cc3069dfa37',750000,20,'XL','ba5abc5c-278f-11f1-99ab-2efcaabefba6','e55a58f2-f4a7-453a-952b-63cff2268198'),('5c997dd6-0cc2-439b-9508-e52b216f1d6a',850000,30,'S','ba5a8518-278f-11f1-99ab-2efcaabefba6','420ab440-0b24-4474-a6f4-1afcda3086f7'),('5cf64758-e321-4be9-9bbc-cbdef369b1cf',550000,60,'S','ba5ab46d-278f-11f1-99ab-2efcaabefba6','a5593952-c67e-4c71-ab1f-a73796c4282c'),('5edd1838-d649-44a8-b2f5-11cd8fdf20f9',650000,40,'XL','ba5ab425-278f-11f1-99ab-2efcaabefba6','0fbd50af-473d-4715-9941-0b33bab46bf9'),('5f8636a4-6a32-4ed2-9c93-2d916cba16f6',650000,60,'L','ba5aba10-278f-11f1-99ab-2efcaabefba6','99c4359a-e6b0-405c-8f16-4f4195a5dc40'),('60ecb063-e91e-48d1-ab59-b7a6c4a24df4',550000,40,'L','ba5aba10-278f-11f1-99ab-2efcaabefba6','a3701480-9eba-4ef6-8b05-bdf6b86fff74'),('6147d330-dd7c-4e7a-bccd-189ab825d83f',5400000,12,'M','ba5aacc1-278f-11f1-99ab-2efcaabefba6','170aa39b-76d9-4e17-9f00-2648e0c28deb'),('61c8a43c-d7dc-4b7a-81a1-028b4c2dc3ef',1450000,30,'M','ba5aacc1-278f-11f1-99ab-2efcaabefba6','074af4fa-2373-4594-af09-4635672caa84'),('61f3a814-59be-4dec-9b8e-da8d611e5cfa',1250000,15,'S','ba5aacc1-278f-11f1-99ab-2efcaabefba6','eaf8958e-6aa1-47e5-afb9-a304d1870216'),('63c50c44-4d2a-4bb7-ba44-bc7f28d515e2',290000,80,'L','ba5ab3cb-278f-11f1-99ab-2efcaabefba6','d3655e37-2704-47e3-80a8-cee26ea7c009'),('64574440-b5d5-422a-91c7-cfdd4f2db509',550000,30,'M','ba5aba10-278f-11f1-99ab-2efcaabefba6','a3701480-9eba-4ef6-8b05-bdf6b86fff74'),('6488bc61-4e50-4afb-953f-e72e8da18054',890000,25,'XL','ba5ab3cb-278f-11f1-99ab-2efcaabefba6','98d2492d-be1a-463a-9106-4bf80b9a5f20'),('6553dd8d-cd45-4a29-98ab-e66462206c06',1100000,25,'XL','ba5ab425-278f-11f1-99ab-2efcaabefba6','a7f2d909-2078-4695-9322-563e8edd6a56'),('659e23a6-dff0-445c-bc08-5cbb22743385',3250000,25,'40','ba5a8518-278f-11f1-99ab-2efcaabefba6','cf9a14e0-bf8e-4805-b20c-8ea7eea1f180'),('66e3900b-054c-4c58-adc8-4bc665f65522',950000,10,'M','ba5ab259-278f-11f1-99ab-2efcaabefba6','0130a681-5e53-49da-bccb-d650580f5200'),('6725aa6f-d98c-4303-b517-ec392078fe63',690000,40,'M','ba5aacc1-278f-11f1-99ab-2efcaabefba6','783c2f99-648a-4501-997b-0838b38e1fbb'),('679d13e4-b3ed-4163-ab97-defa66f388bd',950000,15,'39','ba5abc5c-278f-11f1-99ab-2efcaabefba6','4dad08a3-f67a-4a80-bee9-0e2976850458'),('67a83f46-ab28-4b9f-8ab2-aa19effc6769',2850000,10,'40','ba5aacc1-278f-11f1-99ab-2efcaabefba6','3c39f920-ffe0-4de9-8f20-027482893586'),('69567ae7-485c-46b3-8896-04261c16a1f7',890000,10,'XL','ba5ab5a0-278f-11f1-99ab-2efcaabefba6','ecc4f08d-68b0-4245-bd62-d7058e81a7b4'),('6a49fc7f-f281-4e30-aa69-3ca539a0c69a',1150000,30,'40','ba5aacc1-278f-11f1-99ab-2efcaabefba6','a30ca466-4158-4847-8804-2005390d33f0'),('6abb3e99-9c43-4e91-9235-7a6d657eb4c1',1250000,25,'L','ba5abc5c-278f-11f1-99ab-2efcaabefba6','e8353e1f-f9b4-423b-8660-7258f7e5dd5b'),('6ad53f73-da5d-467f-ab75-35eeccdea553',1250000,20,'M','ba5aacc1-278f-11f1-99ab-2efcaabefba6','eaf8958e-6aa1-47e5-afb9-a304d1870216'),('6bd89020-b6d5-409b-8b82-869ff694e730',1850000,25,'M','ba5aacc1-278f-11f1-99ab-2efcaabefba6','70eb3cf5-e724-4480-9667-b1fff386d02b'),('6c00eba2-a173-418c-b120-ed20386f7d1b',650000,50,'L','ba5ab3cb-278f-11f1-99ab-2efcaabefba6','0fbd50af-473d-4715-9941-0b33bab46bf9'),('6c43b839-07bf-41ed-b99f-56e14e00a8d0',750000,15,'S','ba5ab3cb-278f-11f1-99ab-2efcaabefba6','e55a58f2-f4a7-453a-952b-63cff2268198'),('6c5a115a-57a3-4d4a-a6e4-4ea93a0722bd',3150000,15,'41','ba5aacc1-278f-11f1-99ab-2efcaabefba6','6cecfe6c-792f-4291-80bb-607d3b170822'),('6dcb5af6-11e7-43fb-938b-ddee02780f3a',950000,12,'41','ba5abc5c-278f-11f1-99ab-2efcaabefba6','4dad08a3-f67a-4a80-bee9-0e2976850458'),('6e1f5f83-f477-4447-907d-50282c8cf1c6',950000,5,'XL','ba5ab259-278f-11f1-99ab-2efcaabefba6','0130a681-5e53-49da-bccb-d650580f5200'),('6e758f76-cdc5-457e-aeed-ce664a705743',450000,60,'M','ba5ab3cb-278f-11f1-99ab-2efcaabefba6','30c4b7eb-2366-462e-be69-379778fedd7a'),('6f5ee411-cf7d-4c12-94c0-83b6cfedc14a',850000,50,'40','ba5a8518-278f-11f1-99ab-2efcaabefba6','f3141486-1155-45ba-b8c2-a73449f65d63'),('6f79b27f-8f34-48c5-9032-c956d4c63d1b',1850000,15,'S','ba5ab3cb-278f-11f1-99ab-2efcaabefba6','e450c798-488b-4768-ba8b-e0396fe82219'),('6fb7ce56-a6b1-4c31-89b8-90185abd3327',2450000,10,'S','ba5ab3cb-278f-11f1-99ab-2efcaabefba6','141187aa-eb73-43a2-9be3-afa93b962c46'),('706e0234-eee6-4fe8-9660-a86c3a74aea8',950000,50,'L','ba5ab3cb-278f-11f1-99ab-2efcaabefba6','62e2446f-e4c9-412f-bc16-eed406cf94c1'),('71074f1a-d5d6-47fd-8cc8-3aeef195c7a9',790000,35,'M','ba5ab500-278f-11f1-99ab-2efcaabefba6','cf0fd451-d5fe-4623-8382-92749dfff3ae'),('71639718-a2b6-4d9e-bca8-7369939902d8',650000,55,'XL','ba5ab425-278f-11f1-99ab-2efcaabefba6','f67e4567-8860-4bd6-a58a-2cb4722a19a3'),('7188c730-ac07-4554-b013-e9c4ef2a4b66',2850000,35,'40','ba5a8518-278f-11f1-99ab-2efcaabefba6','3c39f920-ffe0-4de9-8f20-027482893586'),('72b5a1c7-fe21-4e32-8c5a-8c602bc6c59e',850000,10,'XL','ba5ab46d-278f-11f1-99ab-2efcaabefba6','66d4b114-cbfd-4e2e-93a3-4f12209aac3a'),('7304e18e-d087-4a21-8f85-ccf7cbe098f2',1450000,15,'L','ba5ab5a0-278f-11f1-99ab-2efcaabefba6','f8cbb539-d990-4619-91b1-051b547db2b3'),('735e5647-1fa4-433e-a1c8-8f95491bc93d',490000,30,'L','ba5abc5c-278f-11f1-99ab-2efcaabefba6','7ce01824-94db-4c0e-9550-0a6dcce54906'),('746415d8-0342-49a6-9f67-7e54c7d301a8',3150000,20,'40','ba5aacc1-278f-11f1-99ab-2efcaabefba6','6cecfe6c-792f-4291-80bb-607d3b170822'),('748c53b0-e501-41f8-82e8-ff946c14fc7c',1100000,40,'S','ba5ab3cb-278f-11f1-99ab-2efcaabefba6','a7f2d909-2078-4695-9322-563e8edd6a56'),('75814a96-d178-41c4-a286-ac43305df4d1',890000,60,'M','ba5abc5c-278f-11f1-99ab-2efcaabefba6','ecc4f08d-68b0-4245-bd62-d7058e81a7b4'),('75aa5ee3-3e18-42f1-aaee-ce7a03469c6b',1850000,65,'M','ba5ab3cb-278f-11f1-99ab-2efcaabefba6','70eb3cf5-e724-4480-9667-b1fff386d02b'),('75d21124-e2d5-48df-b43d-3ac3915fb44b',790000,85,'M','ba5ab3cb-278f-11f1-99ab-2efcaabefba6','80e11e7f-cc8b-40da-b600-dab315612a3e'),('75f531a7-a4f2-4537-824d-b8a0b96d4fb8',550000,40,'S','ba5ab259-278f-11f1-99ab-2efcaabefba6','227faf47-5743-4e03-93d8-2c4747531837'),('76d848c4-2f4a-43cf-b378-2fbd65da5c7b',490000,45,'M','ba5abc5c-278f-11f1-99ab-2efcaabefba6','7ce01824-94db-4c0e-9550-0a6dcce54906'),('7710c273-67dc-4c87-8ecc-058dec971b47',1450000,15,'38','ba5abc5c-278f-11f1-99ab-2efcaabefba6','fd74acdb-e125-47bc-9689-63e79b11a1e9'),('77265555-6c74-4f89-bb1c-cf681ff4c96c',350000,60,'L','ba5aacc1-278f-11f1-99ab-2efcaabefba6','ab3d4dbf-8c41-4d8b-8e7c-ab548035aa7b'),('774a4f01-c1fe-4144-a6bc-0a8043b8a4db',750000,25,'S','ba5abbfb-278f-11f1-99ab-2efcaabefba6','ae4dc04c-4136-45b2-bc30-fc0d47e65714'),('77889303-c054-4d71-ad71-533bbd74dd8e',690000,50,'M','ba5ab425-278f-11f1-99ab-2efcaabefba6','2dfea698-16a7-40dd-ae9d-d879052059a9'),('780fcfc8-db99-47b8-a3a9-52c3d99b4e11',12500000,2,'L','ba5aacc1-278f-11f1-99ab-2efcaabefba6','ce99c11e-22f3-4314-8ec4-bff442bd590c'),('79bd3f78-f2ae-4aaf-a582-1feb288829f9',950000,15,'M','ba5ab55f-278f-11f1-99ab-2efcaabefba6','1d6424bc-fff7-47d8-8426-8b3f7996b6f6'),('7c747d55-c3d0-4470-a649-39c4801f0f8c',850000,60,'M','ba5aacc1-278f-11f1-99ab-2efcaabefba6','bb05ccb8-3b6c-42c9-a8f4-b21d264618c6'),('7d3b1778-3249-4b16-aa01-1fceffdbc747',690000,55,'L','ba5ab3cb-278f-11f1-99ab-2efcaabefba6','783c2f99-648a-4501-997b-0838b38e1fbb'),('7dd64603-70f8-493f-8be0-9861f062e9c0',850000,45,'M','ba5ab3cb-278f-11f1-99ab-2efcaabefba6','074216a9-62ef-4297-bfc4-56358f0c75b4'),('7de08289-0e55-413b-b47e-0dada52d6a36',890000,50,'M','ba5a8518-278f-11f1-99ab-2efcaabefba6','ecc4f08d-68b0-4245-bd62-d7058e81a7b4'),('7ebae708-b8e1-416c-82f0-5e3574b92ce7',350000,100,'L','ba5a8518-278f-11f1-99ab-2efcaabefba6','ab3d4dbf-8c41-4d8b-8e7c-ab548035aa7b'),('7f12e77e-d6e0-401a-bbdb-9a7e02688b4a',2850000,12,'M','ba5ab5de-278f-11f1-99ab-2efcaabefba6','95e64572-6c6e-4450-84c6-2963d0732ea5'),('7f665805-8370-4f0b-b475-d04812dc0387',650000,80,'L','ba5ab3cb-278f-11f1-99ab-2efcaabefba6','f67e4567-8860-4bd6-a58a-2cb4722a19a3'),('7f9cb925-a46e-4a7e-b131-82b98b32434d',4500000,25,'41','ba5aacc1-278f-11f1-99ab-2efcaabefba6','24e9a912-602e-43c6-a5a2-c114a67ee4e9'),('80faec71-96db-4c44-9113-7ef9fc382ade',790000,50,'XL','ba5ab259-278f-11f1-99ab-2efcaabefba6','80e11e7f-cc8b-40da-b600-dab315612a3e'),('82baca10-4c22-44dd-8790-93664c9e4b7d',1350000,15,'38','ba5abc5c-278f-11f1-99ab-2efcaabefba6','534c5615-a598-4d81-bd11-8c49051f7dad'),('82d1fe8b-a231-4a3b-aba1-fbfdb33d7ca3',450000,40,'L','ba5abbfb-278f-11f1-99ab-2efcaabefba6','10b7acf8-0eb8-41d2-95ef-7020759d7f92'),('83479a44-34f7-465e-8d92-42c85132000a',1250000,15,'S','ba5abc5c-278f-11f1-99ab-2efcaabefba6','4e97e93b-2baa-4748-9da3-4dad15c8dd89'),('83562e13-7914-425b-a6a6-4e7465fab5ad',1650000,12,'M','ba5ab259-278f-11f1-99ab-2efcaabefba6','6d717707-5bfb-412e-a01b-0c2832d1e871'),('840ee091-f30c-4810-88fd-8a0f4966a2b4',790000,10,'XL','ba5abc5c-278f-11f1-99ab-2efcaabefba6','cf0fd451-d5fe-4623-8382-92749dfff3ae'),('843fc065-c222-441d-aed5-265a10a061d0',1250000,40,'L','ba5ab3cb-278f-11f1-99ab-2efcaabefba6','e8353e1f-f9b4-423b-8660-7258f7e5dd5b'),('84c4e4ec-84c8-4c9d-b3d4-4f6d1b867dd4',1650000,40,'M','ba5ab3cb-278f-11f1-99ab-2efcaabefba6','6d717707-5bfb-412e-a01b-0c2832d1e871'),('84f80453-408b-4d7f-b33c-8c34305db19c',1250000,25,'L','ba5aacc1-278f-11f1-99ab-2efcaabefba6','4e97e93b-2baa-4748-9da3-4dad15c8dd89'),('85da52ed-3078-4755-a05a-cc52ef20a475',850000,25,'S','ba5ab3cb-278f-11f1-99ab-2efcaabefba6','074216a9-62ef-4297-bfc4-56358f0c75b4'),('868363d9-6a16-48f0-b0dc-741572b0673a',3200000,15,'L','ba5ab3cb-278f-11f1-99ab-2efcaabefba6','70d6c548-41e5-488c-bfd5-7d5fab6df89b'),('869af9f1-6f65-4819-896b-2dba5cbbc625',1350000,40,'M','ba5ab259-278f-11f1-99ab-2efcaabefba6','9f999813-329c-4dd3-b946-2e9a63153ca0'),('8734aa7f-ec70-443b-9aa2-63915f61b65a',450000,100,'M','ba5aacc1-278f-11f1-99ab-2efcaabefba6','30c4b7eb-2366-462e-be69-379778fedd7a'),('87a50bd6-2d83-40a6-84a2-1819f07c1d87',1650000,10,'S','ba5ab500-278f-11f1-99ab-2efcaabefba6','2086653f-e611-43e3-8987-f69ef03918d8'),('87e7cad5-b373-4ea0-bba4-3ac83296ee28',650000,75,'M','ba5aacc1-278f-11f1-99ab-2efcaabefba6','99c4359a-e6b0-405c-8f16-4f4195a5dc40'),('887dac30-faff-4daf-91f2-31a09f794e19',3250000,15,'XL','ba5aba10-278f-11f1-99ab-2efcaabefba6','84bea7ab-810a-4e0e-8400-005aa9279445'),('88d0965e-e398-4846-bd29-9994ae50686d',590000,80,'M','ba5ab259-278f-11f1-99ab-2efcaabefba6','ec6d7fa9-01a1-43af-bb00-b035822cafb4'),('897dc302-75e0-42fc-8f38-a79ac52197d9',4250000,12,'M','ba5a8518-278f-11f1-99ab-2efcaabefba6','026b8f7b-9d62-406d-b4b5-ad0766a5feda'),('89c94741-26fa-4c7f-abc4-d76643f6e4ec',690000,30,'XL','ba5aba10-278f-11f1-99ab-2efcaabefba6','2dfea698-16a7-40dd-ae9d-d879052059a9'),('8a301ae3-b01a-40a3-b1b5-cccceb2899f6',990000,15,'L','ba5ab46d-278f-11f1-99ab-2efcaabefba6','6c10301e-0250-4613-8fb5-dd62513ee8c0'),('8bc85ac6-9181-43e9-9422-5e90afe0528a',1250000,30,'M','ba5aba10-278f-11f1-99ab-2efcaabefba6','51ca4cc3-51a4-4632-a2c8-2050885eef43'),('8bf293c6-2ba2-40bb-bc91-e856d0ae4e49',490000,60,'M','ba5a8518-278f-11f1-99ab-2efcaabefba6','7ce01824-94db-4c0e-9550-0a6dcce54906'),('8c02cc65-03b4-486e-9741-6aa2cea17482',3200000,20,'M','ba5abc5c-278f-11f1-99ab-2efcaabefba6','70d6c548-41e5-488c-bfd5-7d5fab6df89b'),('8ddff192-570c-47b9-896b-fc6f435b72f7',290000,100,'S','ba5a8518-278f-11f1-99ab-2efcaabefba6','d3655e37-2704-47e3-80a8-cee26ea7c009'),('8fc6b8c9-2562-44ec-8949-1115a9697f18',1850000,50,'S','ba5ab3cb-278f-11f1-99ab-2efcaabefba6','70eb3cf5-e724-4480-9667-b1fff386d02b'),('8fd2abcf-463f-4e91-b131-87f221332e2c',750000,30,'L','ba5ab3cb-278f-11f1-99ab-2efcaabefba6','974387ec-dc84-401b-a17a-8c33a4fa665a'),('91055092-7f9a-4967-a2e3-8242a90718a0',790000,100,'S','ba5ab3cb-278f-11f1-99ab-2efcaabefba6','80e11e7f-cc8b-40da-b600-dab315612a3e'),('9147c2a8-1b12-4f9c-a758-2e7c9916884e',1150000,25,'S','ba5ab46d-278f-11f1-99ab-2efcaabefba6','5fc30db7-940f-4452-8316-850813881ecd'),('92528f77-4b4c-40b6-8811-229d16930821',950000,40,'S','ba5aacc1-278f-11f1-99ab-2efcaabefba6','8d497794-7a69-4ee0-9ca3-d38da8a1fe20'),('927daa5a-bf8a-41ce-8b56-424116586824',2250000,12,'S','ba5aacc1-278f-11f1-99ab-2efcaabefba6','8c97bd57-72a0-4c48-b770-9799221abad8'),('932d3a6f-5a17-4ef0-8712-f6151b4819ee',1650000,20,'S','ba5ab259-278f-11f1-99ab-2efcaabefba6','6d717707-5bfb-412e-a01b-0c2832d1e871'),('93ef2a90-59d2-4651-85e7-fc14f3e677f9',3200000,10,'S','ba5abc5c-278f-11f1-99ab-2efcaabefba6','70d6c548-41e5-488c-bfd5-7d5fab6df89b'),('9460e8ab-a97b-41a8-ad3b-fa27399e78b1',1450000,45,'L','ba5ab3cb-278f-11f1-99ab-2efcaabefba6','38c10fae-c326-4117-a9f1-438c47086a1b'),('94e13ed7-bf91-4563-8fce-c2f9c2d3e19c',1450000,15,'L','ba5ab3cb-278f-11f1-99ab-2efcaabefba6','c45e4db7-2dc6-41d5-af88-380b2a22982d'),('94f49697-aaee-4bea-9355-db55a0b7b913',1250000,30,'L','ba5aba10-278f-11f1-99ab-2efcaabefba6','e8353e1f-f9b4-423b-8660-7258f7e5dd5b'),('9595e698-7a3d-4678-b2cf-ffc359245f5d',450000,55,'M','ba5ab3cb-278f-11f1-99ab-2efcaabefba6','10b7acf8-0eb8-41d2-95ef-7020759d7f92'),('95a87709-8b94-466e-94a2-37f48c690757',4500000,10,'42','ba5ab3cb-278f-11f1-99ab-2efcaabefba6','24e9a912-602e-43c6-a5a2-c114a67ee4e9'),('963a0836-16ac-402c-886e-52658783151f',2450000,12,'L','ba5aba10-278f-11f1-99ab-2efcaabefba6','141187aa-eb73-43a2-9be3-afa93b962c46'),('96598475-96c7-47bf-96cd-841f94ee93c0',890000,40,'M','ba5aacc1-278f-11f1-99ab-2efcaabefba6','98d2492d-be1a-463a-9106-4bf80b9a5f20'),('9670f32e-6e00-4261-b123-664faa7ea369',1200000,25,'L','ba5a8518-278f-11f1-99ab-2efcaabefba6','216026f4-0b10-44ca-a43c-f2890ae8ce8d'),('970a973d-5581-40be-8154-622ad89a7348',4250000,5,'L','ba5ab5de-278f-11f1-99ab-2efcaabefba6','026b8f7b-9d62-406d-b4b5-ad0766a5feda'),('9972ffd5-5131-41c0-8d8d-8055324190a4',1350000,25,'S','ba5aacc1-278f-11f1-99ab-2efcaabefba6','9f999813-329c-4dd3-b946-2e9a63153ca0'),('99883aeb-5cbf-4d4e-8a7b-320c519942b5',350000,80,'M','ba5ab3cb-278f-11f1-99ab-2efcaabefba6','2823b9f8-a827-4248-adec-433738bcece3'),('9a0253dc-eafd-453c-abfa-1583b1631012',3250000,10,'XL','ba5aacc1-278f-11f1-99ab-2efcaabefba6','84bea7ab-810a-4e0e-8400-005aa9279445'),('9a0b4aa3-bdc4-4893-80eb-56e27ca9d3fc',850000,15,'M','ba5ab425-278f-11f1-99ab-2efcaabefba6','f1b72454-5003-44ed-a445-37d49aae3949'),('9b4a818c-b1b6-4296-95be-0ef91a1eb068',1250000,35,'M','ba5abc5c-278f-11f1-99ab-2efcaabefba6','4e97e93b-2baa-4748-9da3-4dad15c8dd89'),('9b735162-b1a4-4f9e-8db8-471e0026d7d4',950000,25,'XL','ba5ab3cb-278f-11f1-99ab-2efcaabefba6','8d497794-7a69-4ee0-9ca3-d38da8a1fe20'),('9ba03ed6-b3e2-4290-8277-9daf17113e7f',1450000,10,'L','ba5aba10-278f-11f1-99ab-2efcaabefba6','074af4fa-2373-4594-af09-4635672caa84'),('9c6d3783-36ad-4ae7-a66a-31617cbda418',8500000,15,'M','ba5ab5de-278f-11f1-99ab-2efcaabefba6','ff7fa9d5-6565-479d-b1c5-1c8bc0ecff3f'),('9cd9eaa3-d067-4048-83d1-82c99d5b5c87',3150000,12,'39','ba5a8518-278f-11f1-99ab-2efcaabefba6','6cecfe6c-792f-4291-80bb-607d3b170822'),('9d00ebd1-9df3-419a-af20-adf519da7161',1150000,15,'42','ba5aacc1-278f-11f1-99ab-2efcaabefba6','a30ca466-4158-4847-8804-2005390d33f0'),('9d0f36b6-2adf-4f52-831e-93e22c18c420',1950000,20,'S','ba5abc5c-278f-11f1-99ab-2efcaabefba6','b97c44c4-08ac-4e61-9d38-8656a503de81'),('9e3f974b-e185-4519-8952-78bc534f90ed',1100000,30,'L','ba5aba10-278f-11f1-99ab-2efcaabefba6','a7f2d909-2078-4695-9322-563e8edd6a56'),('9e75e3af-1caa-4743-ab2a-b31fa3801f8f',750000,20,'M','ba5ab3cb-278f-11f1-99ab-2efcaabefba6','6658b6e2-36f0-432b-b570-37c4078139ef'),('9f75edc0-8518-4fbc-8a5c-fb1464b2a7a9',1250000,10,'41','ba5aacc1-278f-11f1-99ab-2efcaabefba6','83cb5550-1bdf-464c-b0e4-9b4d1c27a802'),('a0b2034f-e1b6-49a3-9138-c4f1d33cdef7',750000,40,'M','ba5ab425-278f-11f1-99ab-2efcaabefba6','974387ec-dc84-401b-a17a-8c33a4fa665a'),('a1eafc24-576b-40c7-b852-351e2bacd03e',350000,70,'L','ba5ab5de-278f-11f1-99ab-2efcaabefba6','ab3d4dbf-8c41-4d8b-8e7c-ab548035aa7b'),('a203b590-2d6f-40da-8dee-d2af181c482f',450000,30,'L','ba5ab46d-278f-11f1-99ab-2efcaabefba6','1c40add2-800c-427a-be75-6ccdb4fcacf4'),('a29d8802-acad-4914-a2eb-51d103231d0b',790000,20,'S','ba5ab46d-278f-11f1-99ab-2efcaabefba6','1be52253-b6ef-45b2-a2f7-d61db657675b'),('a3a674f1-4800-46c1-8526-1ce7bacb36f1',1250000,25,'L','ba5ab5de-278f-11f1-99ab-2efcaabefba6','ca2b1bca-a4ca-452b-ad5a-7ef1759d2474'),('a633b026-5a9c-40e7-b1c3-892cae87d59e',850000,30,'S','ba5ab46d-278f-11f1-99ab-2efcaabefba6','3c9c04f1-7bed-404a-b52c-4230cbdbd222'),('a6f8c313-9c78-4151-abde-e29a58bd6cf9',3250000,20,'41','ba5aacc1-278f-11f1-99ab-2efcaabefba6','cf9a14e0-bf8e-4805-b20c-8ea7eea1f180'),('a7192bd0-93e7-4aa4-babb-ab83f5446b37',1200000,18,'M','ba5ab425-278f-11f1-99ab-2efcaabefba6','216026f4-0b10-44ca-a43c-f2890ae8ce8d'),('a8557e0c-b8a5-4f85-9965-0add150a07be',5250000,15,'S','ba5aacc1-278f-11f1-99ab-2efcaabefba6','a99ceaa5-fbe6-44a0-b71a-6b3a6c9633bb'),('a85f4c00-35a8-4e96-bb34-5a80dbe43208',1850000,20,'M','ba5ab425-278f-11f1-99ab-2efcaabefba6','fb59d4e6-5db9-464d-a56b-8499a6ba7dd9'),('a870119e-4d7d-4b55-91fa-5d9581bc6921',1450000,35,'S','ba5ab5a0-278f-11f1-99ab-2efcaabefba6','f8cbb539-d990-4619-91b1-051b547db2b3'),('a955300d-b967-4ad2-810c-5bff22751f4d',3250000,5,'L','ba5aba10-278f-11f1-99ab-2efcaabefba6','84bea7ab-810a-4e0e-8400-005aa9279445'),('aa4a6bb2-0deb-400c-ac98-e8b557a3770d',890000,45,'S','ba5abc5c-278f-11f1-99ab-2efcaabefba6','ecc4f08d-68b0-4245-bd62-d7058e81a7b4'),('aa8e4aa4-aa4f-46ad-b616-0899ce00970d',750000,50,'S','ba5aacc1-278f-11f1-99ab-2efcaabefba6','6658b6e2-36f0-432b-b570-37c4078139ef'),('ab194fe8-7480-45a0-8f56-e989d6668aac',1850000,12,'S','ba5ab425-278f-11f1-99ab-2efcaabefba6','78dd7467-7195-4bb8-af26-8cef94ed93e1'),('ab2d9424-261f-4c8c-9651-84bb16a0979f',1200000,30,'M','ba5ab55f-278f-11f1-99ab-2efcaabefba6','399bce69-4451-44b7-87de-a9d0418a0764'),('abcbc931-09a7-4e24-a325-dfab0b52358a',1450000,30,'M','ba5ab3cb-278f-11f1-99ab-2efcaabefba6','38c10fae-c326-4117-a9f1-438c47086a1b'),('ac345693-ced3-42c8-a380-4a6fc524ce85',1100000,50,'M','ba5abc5c-278f-11f1-99ab-2efcaabefba6','b1d20b3e-949e-4758-8f4e-703dfbe93ddc'),('ac4d129f-fda5-4840-adc5-ba7282eecb2a',1850000,20,'S','ba5abc5c-278f-11f1-99ab-2efcaabefba6','06b0c255-6c1c-4fd6-82c0-d88f3eba7d40'),('ac7b060b-eba5-4542-b3bc-0b10c75b61c0',850000,85,'M','ba5ab3cb-278f-11f1-99ab-2efcaabefba6','bb05ccb8-3b6c-42c9-a8f4-b21d264618c6'),('acdf79f6-c32d-4130-8196-e01e62b273d5',490000,85,'L','ba5ab46d-278f-11f1-99ab-2efcaabefba6','afc259ed-81db-47a7-8d2b-659f5bf2dcb4'),('ade3a70b-85de-48bd-8c8f-902890e8f537',1850000,15,'S','ba5ab46d-278f-11f1-99ab-2efcaabefba6','06b0c255-6c1c-4fd6-82c0-d88f3eba7d40'),('aec929ee-62e4-474e-af76-9da701e60bb2',250000,100,'L','ba5ab259-278f-11f1-99ab-2efcaabefba6','ff04a2ea-d01a-4582-87d7-c816c0eb433c'),('aedd5f6d-d5ec-4b4b-b6dd-0ab816a758c7',650000,70,'M','ba5aacc1-278f-11f1-99ab-2efcaabefba6','0fbd50af-473d-4715-9941-0b33bab46bf9'),('af0373f9-700a-4410-9d88-4bd3611d5431',950000,40,'M','ba5ab425-278f-11f1-99ab-2efcaabefba6','4bbc30ee-4c94-49a0-9186-05ea12088be2'),('af699bc9-a8ba-42f8-bdf0-d5c5d16261a0',550000,60,'XL','ba5ab3cb-278f-11f1-99ab-2efcaabefba6','227faf47-5743-4e03-93d8-2c4747531837'),('b037caf0-e273-4fff-8fd0-89313b4368bb',1850000,20,'M','ba5ab259-278f-11f1-99ab-2efcaabefba6','78dd7467-7195-4bb8-af26-8cef94ed93e1'),('b0c88217-f97c-4dda-b2bd-c6bcc4e920b6',450000,90,'M','ba5a8518-278f-11f1-99ab-2efcaabefba6','4eb5878c-d9e2-4b86-b5f9-74a03565ef3d'),('b0c92340-26db-4bf1-98e9-1f71da479147',8500000,8,'XL','ba5ab5de-278f-11f1-99ab-2efcaabefba6','ff7fa9d5-6565-479d-b1c5-1c8bc0ecff3f'),('b1101eb0-36d7-4e66-bc64-bcc23381f337',850000,70,'S','ba5aacc1-278f-11f1-99ab-2efcaabefba6','bb05ccb8-3b6c-42c9-a8f4-b21d264618c6'),('b1644ea6-b3fe-423a-a17f-af42b745d566',3850000,20,'40','ba5aacc1-278f-11f1-99ab-2efcaabefba6','fe5a9012-509e-4376-837c-bee800613717'),('b31d2570-fd68-470d-9c2a-6ee2b82b24ab',3950000,10,'42','ba5ab425-278f-11f1-99ab-2efcaabefba6','b45a6716-a872-45f7-b592-b51a75d7c18f'),('b331d1fc-4887-42d7-9da5-ffcf7cd65e4b',2250000,10,'L','ba5ab5de-278f-11f1-99ab-2efcaabefba6','8c97bd57-72a0-4c48-b770-9799221abad8'),('b38082a2-d122-4902-9b3f-93ca1fd5d098',590000,40,'M','ba5ab46d-278f-11f1-99ab-2efcaabefba6','ec5c53e1-65b2-4a53-86bf-c483407e95a9'),('b498f408-9616-4924-8bef-0a99c83c7e15',1150000,25,'S','ba5ab46d-278f-11f1-99ab-2efcaabefba6','2507eba4-3aa7-460a-b2c8-fafb0e76833e'),('b4aec3b4-e2e5-495c-8029-cab032db274e',850000,15,'L','ba5ab500-278f-11f1-99ab-2efcaabefba6','3c9c04f1-7bed-404a-b52c-4230cbdbd222'),('b504e084-04e9-42d2-a8a5-d3cfbe0884ed',850000,15,'S','ba5ab4b9-278f-11f1-99ab-2efcaabefba6','420ab440-0b24-4474-a6f4-1afcda3086f7'),('b51f2f0d-777a-4b86-b9df-10c476733f26',990000,30,'S','ba5ab55f-278f-11f1-99ab-2efcaabefba6','6c10301e-0250-4613-8fb5-dd62513ee8c0'),('b52e9071-9353-4893-b179-1c891ac53066',850000,20,'L','ba5a8518-278f-11f1-99ab-2efcaabefba6','420ab440-0b24-4474-a6f4-1afcda3086f7'),('b669a266-3e7f-4735-8fab-4d5adecf9a7d',790000,50,'M','ba5abc5c-278f-11f1-99ab-2efcaabefba6','1be52253-b6ef-45b2-a2f7-d61db657675b'),('b67682c5-0dc8-4f5f-8408-11566d016891',5400000,5,'L','ba5ab5de-278f-11f1-99ab-2efcaabefba6','170aa39b-76d9-4e17-9f00-2648e0c28deb'),('b6d9fdf3-380c-41ae-90d1-fc04787bd8fb',850000,20,'L','ba5aacc1-278f-11f1-99ab-2efcaabefba6','f1b72454-5003-44ed-a445-37d49aae3949'),('b7f00013-dad8-4c53-8ac7-95b92738aeaf',1150000,25,'41','ba5ab3cb-278f-11f1-99ab-2efcaabefba6','a30ca466-4158-4847-8804-2005390d33f0'),('b857b2c3-3d4e-48f3-8518-c80bf3d355da',490000,70,'S','ba5abc5c-278f-11f1-99ab-2efcaabefba6','afc259ed-81db-47a7-8d2b-659f5bf2dcb4'),('b95d8e32-d56e-4f90-98e5-d339563cfeb3',1650000,40,'M','ba5ab3cb-278f-11f1-99ab-2efcaabefba6','898d520d-98d3-41c7-a02b-7c08811dd721'),('b95fe421-2197-414a-8d9e-814be41a300e',550000,45,'M','ba5ab46d-278f-11f1-99ab-2efcaabefba6','a5593952-c67e-4c71-ab1f-a73796c4282c'),('b973b231-4181-4a50-8dfa-659809306450',750000,90,'M','ba5aacc1-278f-11f1-99ab-2efcaabefba6','6658b6e2-36f0-432b-b570-37c4078139ef'),('b9880f5b-cc39-49cc-99ce-8d61a2577fd8',2650000,15,'42','ba5a8518-278f-11f1-99ab-2efcaabefba6','7096c319-a0ca-4e10-b874-63995ea1b783'),('ba4d0812-7463-41d4-ae96-56e49a04e28d',1200000,25,'M','ba5ab3cb-278f-11f1-99ab-2efcaabefba6','399bce69-4451-44b7-87de-a9d0418a0764'),('ba56afe0-c16a-4919-ba4e-c64b6fc72065',790000,30,'M','ba5ab46d-278f-11f1-99ab-2efcaabefba6','cf0fd451-d5fe-4623-8382-92749dfff3ae'),('ba7e1ada-dcb3-44b8-a7d2-70c886a39ac1',450000,40,'XL','ba5ab259-278f-11f1-99ab-2efcaabefba6','4eb5878c-d9e2-4b86-b5f9-74a03565ef3d'),('ba8fc805-807f-4f84-860d-205afd49014f',450000,50,'S','ba5ab46d-278f-11f1-99ab-2efcaabefba6','1c40add2-800c-427a-be75-6ccdb4fcacf4'),('bb007a5c-9152-4401-99f8-f6a51cb23a0b',450000,40,'M','ba5abc5c-278f-11f1-99ab-2efcaabefba6','1c40add2-800c-427a-be75-6ccdb4fcacf4'),('bb364872-ac62-48f1-a8ee-392358097be4',450000,80,'M','ba5a8518-278f-11f1-99ab-2efcaabefba6','037864ea-1fc9-4a98-ad96-73c7031b4b64'),('bb3c0485-f465-4919-b0a0-cbd45ec89986',1850000,15,'S','ba5a8518-278f-11f1-99ab-2efcaabefba6','78dd7467-7195-4bb8-af26-8cef94ed93e1'),('bc488f9c-9872-4f2f-a9d7-4da12d8182cf',3250000,12,'42','ba5a8518-278f-11f1-99ab-2efcaabefba6','cf9a14e0-bf8e-4805-b20c-8ea7eea1f180'),('bcdadbc9-6262-42ae-afc8-64defd1e0a27',750000,55,'M','ba5aacc1-278f-11f1-99ab-2efcaabefba6','974387ec-dc84-401b-a17a-8c33a4fa665a'),('be68a672-f03f-4028-91c0-e4d6304ef09c',1450000,5,'40','ba5abc5c-278f-11f1-99ab-2efcaabefba6','fd74acdb-e125-47bc-9689-63e79b11a1e9'),('be9ca18a-3c0a-40fa-aac9-b90998217c76',5400000,10,'S','ba5ab5de-278f-11f1-99ab-2efcaabefba6','170aa39b-76d9-4e17-9f00-2648e0c28deb'),('bed616cd-d8ea-4829-b60f-545087a8b37d',1250000,20,'40','ba5abc5c-278f-11f1-99ab-2efcaabefba6','83cb5550-1bdf-464c-b0e4-9b4d1c27a802'),('c0e9f900-8491-4e00-be86-d4958a5e6e83',1450000,20,'S','ba5abc5c-278f-11f1-99ab-2efcaabefba6','f8cbb539-d990-4619-91b1-051b547db2b3'),('c15b26c5-065a-42e4-8cdb-db3b821c38b4',1650000,20,'M','ba5aacc1-278f-11f1-99ab-2efcaabefba6','898d520d-98d3-41c7-a02b-7c08811dd721'),('c257c387-7e86-4ba3-aa09-4e87291e21ca',990000,20,'M','ba5ab5a0-278f-11f1-99ab-2efcaabefba6','6c10301e-0250-4613-8fb5-dd62513ee8c0'),('c28b4be0-acca-4142-bc4a-0789b24b6506',3100000,25,'38','ba5abc5c-278f-11f1-99ab-2efcaabefba6','3fcfcd86-09b9-4adc-ba2e-7aed0de83155'),('c3f77154-6731-4706-b345-a1b9cbbd5e86',1350000,5,'40','ba5aacc1-278f-11f1-99ab-2efcaabefba6','534c5615-a598-4d81-bd11-8c49051f7dad'),('c424572d-0c7a-4ec3-b336-5644208fb483',750000,55,'L','ba5aacc1-278f-11f1-99ab-2efcaabefba6','ae4dc04c-4136-45b2-bc30-fc0d47e65714'),('c4e18e8e-7d71-4fc9-93e3-826a8d6d4c65',1650000,35,'L','ba5ab3cb-278f-11f1-99ab-2efcaabefba6','898d520d-98d3-41c7-a02b-7c08811dd721'),('c5b7b091-77b1-476a-a97a-3ababc14f93d',950000,20,'S','ba5ab46d-278f-11f1-99ab-2efcaabefba6','1d6424bc-fff7-47d8-8426-8b3f7996b6f6'),('c65a709e-ec62-463b-897b-8221029d18b9',850000,30,'M','ba5abc5c-278f-11f1-99ab-2efcaabefba6','f1b72454-5003-44ed-a445-37d49aae3949'),('c722e446-72a2-47a1-8209-2ca090060667',2650000,25,'40','ba5a8518-278f-11f1-99ab-2efcaabefba6','7096c319-a0ca-4e10-b874-63995ea1b783'),('c7322da9-5b37-41d4-adcb-a2471ab2a4a6',1150000,15,'S','ba5ab500-278f-11f1-99ab-2efcaabefba6','5fc30db7-940f-4452-8316-850813881ecd'),('c9026c8f-785e-48ac-b83a-03a69ee51730',1450000,20,'XL','ba5aacc1-278f-11f1-99ab-2efcaabefba6','38c10fae-c326-4117-a9f1-438c47086a1b'),('c9d48a51-1ab0-4a7a-9ac5-ca80e774fa9d',950000,30,'L','ba5aacc1-278f-11f1-99ab-2efcaabefba6','31599107-c54b-4a92-9c91-44d5e1ad7581'),('c9f51b42-3e3e-488e-b15d-f9d677bd95cb',4500000,30,'40','ba5aacc1-278f-11f1-99ab-2efcaabefba6','24e9a912-602e-43c6-a5a2-c114a67ee4e9'),('cb439fac-0f7f-421f-af62-6895f092ac44',4250000,10,'L','ba5aacc1-278f-11f1-99ab-2efcaabefba6','026b8f7b-9d62-406d-b4b5-ad0766a5feda'),('cdbc25ae-350e-4f59-9dbc-74a6c6e8ae8b',750000,60,'S','ba5aacc1-278f-11f1-99ab-2efcaabefba6','974387ec-dc84-401b-a17a-8c33a4fa665a'),('cdd3138b-2f71-4cd4-a978-5627d0073335',1150000,30,'M','ba5ab500-278f-11f1-99ab-2efcaabefba6','2507eba4-3aa7-460a-b2c8-fafb0e76833e'),('ce0c1ae3-9f23-4af5-8e88-75cdf30047bd',1250000,30,'M','ba5aba10-278f-11f1-99ab-2efcaabefba6','ca2b1bca-a4ca-452b-ad5a-7ef1759d2474'),('ce2d712e-1892-4afb-a1c8-5fd0bed4d162',1150000,12,'XL','ba5ab46d-278f-11f1-99ab-2efcaabefba6','5fc30db7-940f-4452-8316-850813881ecd'),('ce3a48d4-3bd6-4566-8596-e430355c007f',750000,65,'XL','ba5ab3cb-278f-11f1-99ab-2efcaabefba6','6658b6e2-36f0-432b-b570-37c4078139ef'),('ceb6d2d6-f5ec-4fa4-b320-3df829365a45',590000,30,'L','ba5abc5c-278f-11f1-99ab-2efcaabefba6','ec5c53e1-65b2-4a53-86bf-c483407e95a9'),('cefbc1ec-fef0-4897-ab98-2d63e05bfa66',490000,60,'XL','ba5ab259-278f-11f1-99ab-2efcaabefba6','afc259ed-81db-47a7-8d2b-659f5bf2dcb4'),('cf9163dd-3132-488d-a0a9-b1d680042f18',350000,40,'S','ba5ab4b9-278f-11f1-99ab-2efcaabefba6','f2b8d7d7-d3e4-4efa-b431-22622f1187e1'),('d14087c1-3a8b-4578-a8fc-ac3d2703aefc',350000,10,'L','ba5ab4b9-278f-11f1-99ab-2efcaabefba6','f2b8d7d7-d3e4-4efa-b431-22622f1187e1'),('d23f7478-7649-4ad7-9c1a-a8e7b5446f7d',1200000,35,'M','ba5ab3cb-278f-11f1-99ab-2efcaabefba6','216026f4-0b10-44ca-a43c-f2890ae8ce8d'),('d28f2786-8b57-4c82-8062-c2464e9bb1b7',1450000,18,'S','ba5aacc1-278f-11f1-99ab-2efcaabefba6','c45e4db7-2dc6-41d5-af88-380b2a22982d'),('d2cb5467-5739-4efe-b354-8c31daa608f1',850000,45,'M','ba5abc5c-278f-11f1-99ab-2efcaabefba6','420ab440-0b24-4474-a6f4-1afcda3086f7'),('d355217d-0bb8-4e60-969e-3b02dd725d6b',990000,10,'XL','ba5ab5a0-278f-11f1-99ab-2efcaabefba6','6c10301e-0250-4613-8fb5-dd62513ee8c0'),('d4292414-b79f-4096-9019-f8403c7310f4',750000,100,'L','ba5ab259-278f-11f1-99ab-2efcaabefba6','6658b6e2-36f0-432b-b570-37c4078139ef'),('d46e3b00-02ae-4c33-b687-322392f950c0',1100000,30,'XL','ba5ab259-278f-11f1-99ab-2efcaabefba6','b1d20b3e-949e-4758-8f4e-703dfbe93ddc'),('d47378c8-1905-406f-bd1a-9e251f95b0a7',790000,30,'L','ba5ab3cb-278f-11f1-99ab-2efcaabefba6','80e11e7f-cc8b-40da-b600-dab315612a3e'),('d4d1c0d4-e517-4977-a49c-f4adc4758c61',1850000,30,'S','ba5aba10-278f-11f1-99ab-2efcaabefba6','fb59d4e6-5db9-464d-a56b-8499a6ba7dd9'),('d53833d9-abf4-456b-b5e5-fef421b03614',1450000,40,'M','ba5ab5a0-278f-11f1-99ab-2efcaabefba6','f8cbb539-d990-4619-91b1-051b547db2b3'),('d5e13b15-4b19-4359-8222-68fcfc0bf31c',3850000,8,'39','ba5ab3cb-278f-11f1-99ab-2efcaabefba6','fe5a9012-509e-4376-837c-bee800613717'),('d5f7abe0-946f-4117-9c35-fc72aa058bce',350000,55,'M','ba5ab46d-278f-11f1-99ab-2efcaabefba6','f2b8d7d7-d3e4-4efa-b431-22622f1187e1'),('d6017cac-6a8b-4162-9d58-5d1d880f13c8',2250000,18,'M','ba5aacc1-278f-11f1-99ab-2efcaabefba6','8c97bd57-72a0-4c48-b770-9799221abad8'),('d607e547-66df-4bae-bf40-ce16a4bfcb70',350000,80,'M','ba5a8518-278f-11f1-99ab-2efcaabefba6','f2b8d7d7-d3e4-4efa-b431-22622f1187e1'),('d69f7bdd-ea1b-423b-b8e2-1a5da1782dee',1200000,20,'S','ba5ab3cb-278f-11f1-99ab-2efcaabefba6','216026f4-0b10-44ca-a43c-f2890ae8ce8d'),('d778f1f8-8a8c-4e45-84bc-005fb1f7618b',1250000,35,'M','ba5abc5c-278f-11f1-99ab-2efcaabefba6','eaf8958e-6aa1-47e5-afb9-a304d1870216'),('d7bddc2d-f9c6-458a-8510-e2a0441b6d6e',1950000,25,'M','ba5abc5c-278f-11f1-99ab-2efcaabefba6','b97c44c4-08ac-4e61-9d38-8656a503de81'),('d869a0aa-5882-4862-a4a4-0391a92c79a4',1850000,25,'L','ba5aba10-278f-11f1-99ab-2efcaabefba6','e450c798-488b-4768-ba8b-e0396fe82219'),('da15f19c-bbb2-4420-a0cf-ce2f2554b1b3',890000,25,'S','ba5ab46d-278f-11f1-99ab-2efcaabefba6','b83698c3-b8a8-47c6-8005-8277bfc2dc16'),('da80e5c7-eae0-4cf9-98cb-0dbb098da9f3',350000,50,'M','ba5ab425-278f-11f1-99ab-2efcaabefba6','2823b9f8-a827-4248-adec-433738bcece3'),('daeea217-114e-43d9-9e8e-5a517071f5ec',790000,40,'S','ba5abc5c-278f-11f1-99ab-2efcaabefba6','1be52253-b6ef-45b2-a2f7-d61db657675b'),('db6b1cb6-3628-4911-bc87-607a997b8fee',3100000,12,'39','ba5abc5c-278f-11f1-99ab-2efcaabefba6','3fcfcd86-09b9-4adc-ba2e-7aed0de83155'),('dd2ea700-f594-4487-bfd8-852469d6d026',990000,25,'M','ba5abc5c-278f-11f1-99ab-2efcaabefba6','6c10301e-0250-4613-8fb5-dd62513ee8c0'),('dde97cff-0b55-4293-9964-46f013862413',290000,40,'M','ba5a8518-278f-11f1-99ab-2efcaabefba6','d3655e37-2704-47e3-80a8-cee26ea7c009'),('de2239f5-bcd5-4b6d-8d43-5dd1c9fb44b2',890000,20,'M','ba5ab500-278f-11f1-99ab-2efcaabefba6','b83698c3-b8a8-47c6-8005-8277bfc2dc16'),('de4f05f9-b223-43f7-a756-054c6811d07d',550000,40,'L','ba5abc5c-278f-11f1-99ab-2efcaabefba6','a5593952-c67e-4c71-ab1f-a73796c4282c'),('defb9e6f-8bca-411c-9456-0ffeeb4157f5',12500000,8,'M','ba5aacc1-278f-11f1-99ab-2efcaabefba6','ce99c11e-22f3-4314-8ec4-bff442bd590c'),('df6cbcfc-d142-4792-bbc8-03f376b2c9dc',1250000,50,'M','ba5ab3cb-278f-11f1-99ab-2efcaabefba6','51ca4cc3-51a4-4632-a2c8-2050885eef43'),('e0787e2b-f812-4b15-90fb-0b5bd30eb8f9',950000,100,'L','ba5aacc1-278f-11f1-99ab-2efcaabefba6','62e2446f-e4c9-412f-bc16-eed406cf94c1'),('e1133225-daf8-4d3f-8bff-cf4d74095203',590000,30,'S','ba5ab259-278f-11f1-99ab-2efcaabefba6','ec6d7fa9-01a1-43af-bb00-b035822cafb4'),('e186ca25-a4ee-4677-a4aa-adcf5571ee14',5250000,12,'S','ba5aacc1-278f-11f1-99ab-2efcaabefba6','a99ceaa5-fbe6-44a0-b71a-6b3a6c9633bb'),('e1a42046-812b-4df4-b7d0-169b92365bfe',3500000,20,'L','ba5aba10-278f-11f1-99ab-2efcaabefba6','34515573-0f8e-4385-9c2d-666d23857d7e'),('e227792c-fc32-4a60-8d9b-cf588f312081',850000,25,'M','ba5abc5c-278f-11f1-99ab-2efcaabefba6','3c9c04f1-7bed-404a-b52c-4230cbdbd222'),('e2661610-feee-4e56-8b26-504782b64239',950000,15,'L','ba5abc5c-278f-11f1-99ab-2efcaabefba6','0130a681-5e53-49da-bccb-d650580f5200'),('e2eea1f0-ad6d-403f-afa2-03689923feb4',1950000,8,'L','ba5ab5de-278f-11f1-99ab-2efcaabefba6','b97c44c4-08ac-4e61-9d38-8656a503de81'),('e2f41455-5163-4df6-9c8a-04a6f8e4cad9',1850000,10,'L','ba5aacc1-278f-11f1-99ab-2efcaabefba6','78dd7467-7195-4bb8-af26-8cef94ed93e1'),('e4c6163b-062d-42bf-94ff-3caf3233f02b',250000,90,'M','ba5ab3cb-278f-11f1-99ab-2efcaabefba6','ff04a2ea-d01a-4582-87d7-c816c0eb433c'),('e5f36ea1-c99f-497a-8466-65f51d062c81',1950000,40,'M','ba5ab5de-278f-11f1-99ab-2efcaabefba6','97a18f8b-1613-4dfd-a479-009dd59c3a5e'),('e5f6aee0-1187-435c-a1fb-7a5e6b9b666b',250000,90,'M','ba5aba10-278f-11f1-99ab-2efcaabefba6','ee0f0f15-01c2-4d21-ba63-db2ffaac8703'),('e69ed991-c10c-45cc-8d7a-8226caff12f8',1650000,22,'M','ba5a8518-278f-11f1-99ab-2efcaabefba6','2086653f-e611-43e3-8987-f69ef03918d8'),('e72f8801-e83b-428a-87bf-559006ad661a',1150000,15,'S','ba5a8518-278f-11f1-99ab-2efcaabefba6','2507eba4-3aa7-460a-b2c8-fafb0e76833e'),('e731c01e-fa20-4199-a2e2-a16bc546070a',1450000,25,'38','ba5aacc1-278f-11f1-99ab-2efcaabefba6','fd74acdb-e125-47bc-9689-63e79b11a1e9'),('e96ca080-be3a-4b90-8358-c6ff62b5e0f2',1250000,20,'S','ba5ab259-278f-11f1-99ab-2efcaabefba6','4e97e93b-2baa-4748-9da3-4dad15c8dd89'),('ea124ec4-bceb-4217-83af-ffe92c6e3c2b',850000,35,'XL','ba5aacc1-278f-11f1-99ab-2efcaabefba6','074216a9-62ef-4297-bfc4-56358f0c75b4'),('ea8a576c-c775-46cc-9d11-66bec5d8fb62',790000,20,'L','ba5abc5c-278f-11f1-99ab-2efcaabefba6','cf0fd451-d5fe-4623-8382-92749dfff3ae'),('ea936a2b-39c0-446e-9ad7-e58659b086fc',1150000,10,'L','ba5abc5c-278f-11f1-99ab-2efcaabefba6','2507eba4-3aa7-460a-b2c8-fafb0e76833e'),('ea9f49c9-d377-44bf-8a2d-bcd5b1e6902b',1950000,10,'S','ba5ab5de-278f-11f1-99ab-2efcaabefba6','b97c44c4-08ac-4e61-9d38-8656a503de81'),('eaeb6a67-9f16-4d32-bc1c-90b819a331cf',1650000,25,'XL','ba5ab3cb-278f-11f1-99ab-2efcaabefba6','6d717707-5bfb-412e-a01b-0c2832d1e871'),('ebb00e32-378e-4ee0-b26e-24470752898d',2450000,25,'L','ba5ab3cb-278f-11f1-99ab-2efcaabefba6','141187aa-eb73-43a2-9be3-afa93b962c46'),('ec196cfb-0132-480b-80c7-c88a7698f084',3950000,12,'39','ba5aacc1-278f-11f1-99ab-2efcaabefba6','b45a6716-a872-45f7-b592-b51a75d7c18f'),('ee313397-50ba-4dcb-838e-77714bbe574f',290000,50,'XL','ba5ab4b9-278f-11f1-99ab-2efcaabefba6','d3655e37-2704-47e3-80a8-cee26ea7c009'),('ef2ea94a-bee0-4966-97c2-b723e8361f95',750000,25,'L','ba5ab425-278f-11f1-99ab-2efcaabefba6','e55a58f2-f4a7-453a-952b-63cff2268198'),('ef3078ae-e9f6-4c54-87b5-d85ee03b3d18',250000,80,'M','ba5ab3cb-278f-11f1-99ab-2efcaabefba6','ee0f0f15-01c2-4d21-ba63-db2ffaac8703'),('f001d4d1-5e85-40d0-abb5-e6d7e50272d0',950000,50,'M','ba5ab259-278f-11f1-99ab-2efcaabefba6','8d497794-7a69-4ee0-9ca3-d38da8a1fe20'),('f0cd5c97-31b2-41c2-8383-615314f1d08c',1850000,30,'S','ba5ab5de-278f-11f1-99ab-2efcaabefba6','06b0c255-6c1c-4fd6-82c0-d88f3eba7d40'),('f1974af8-67a7-46af-b023-68ac8fc9dc41',790000,40,'S','ba5ab46d-278f-11f1-99ab-2efcaabefba6','cf0fd451-d5fe-4623-8382-92749dfff3ae'),('f273db89-4c84-4609-8fc7-adb3d8668d6d',650000,30,'M','ba5ab46d-278f-11f1-99ab-2efcaabefba6','985929b7-a7f2-479b-9d76-584d1f8d370e'),('f28bd42c-1b1b-422c-a3f5-8493765f104a',2850000,15,'L','ba5aacc1-278f-11f1-99ab-2efcaabefba6','95e64572-6c6e-4450-84c6-2963d0732ea5'),('f31e570d-1f44-47d6-9d74-a39615932514',1450000,35,'M','ba5ab3cb-278f-11f1-99ab-2efcaabefba6','c45e4db7-2dc6-41d5-af88-380b2a22982d'),('f33ced3c-313e-4473-b771-79262ab28a09',1350000,10,'38','ba5aacc1-278f-11f1-99ab-2efcaabefba6','534c5615-a598-4d81-bd11-8c49051f7dad'),('f35e734e-12bf-4cbf-a772-78865f369a61',750000,30,'XL','ba5ab259-278f-11f1-99ab-2efcaabefba6','ae4dc04c-4136-45b2-bc30-fc0d47e65714'),('f3a8a53f-3d9f-49d0-b577-ae54d5e24fb4',550000,60,'S','ba5abc5c-278f-11f1-99ab-2efcaabefba6','a3701480-9eba-4ef6-8b05-bdf6b86fff74'),('f3d4cf7b-eff8-451b-bcdf-ab7eac452237',350000,70,'M','ba5aacc1-278f-11f1-99ab-2efcaabefba6','2823b9f8-a827-4248-adec-433738bcece3'),('f3fc2ea3-0ece-4ca6-9c34-f939adea9a07',750000,30,'M','ba5ab3cb-278f-11f1-99ab-2efcaabefba6','e55a58f2-f4a7-453a-952b-63cff2268198'),('f4370605-a9ca-4af0-910d-5c61c63f317a',1650000,15,'L','ba5aacc1-278f-11f1-99ab-2efcaabefba6','2086653f-e611-43e3-8987-f69ef03918d8'),('f443dc63-da15-4872-9947-177f4f86100b',450000,80,'S','ba5a8518-278f-11f1-99ab-2efcaabefba6','4eb5878c-d9e2-4b86-b5f9-74a03565ef3d'),('f4f1c3dd-ff98-43de-bed4-ee803118255a',890000,30,'L','ba5ab5a0-278f-11f1-99ab-2efcaabefba6','ecc4f08d-68b0-4245-bd62-d7058e81a7b4'),('f671cf66-5e42-4297-922c-3dae21b1bc61',1250000,15,'39','ba5aacc1-278f-11f1-99ab-2efcaabefba6','83cb5550-1bdf-464c-b0e4-9b4d1c27a802'),('f7590188-4b93-4557-91c6-45936236b775',650000,40,'S','ba5ab500-278f-11f1-99ab-2efcaabefba6','985929b7-a7f2-479b-9d76-584d1f8d370e'),('f7644970-3318-47b6-b66d-f95853d1bafa',590000,45,'XL','ba5aba10-278f-11f1-99ab-2efcaabefba6','ec6d7fa9-01a1-43af-bb00-b035822cafb4'),('f7b84801-1108-4336-9320-281648d85f2a',450000,25,'XL','ba5abc5c-278f-11f1-99ab-2efcaabefba6','1c40add2-800c-427a-be75-6ccdb4fcacf4'),('f8e01d8f-7842-48a2-bc0a-0a4515517351',3850000,10,'42','ba5ab3cb-278f-11f1-99ab-2efcaabefba6','fe5a9012-509e-4376-837c-bee800613717'),('f8f9812b-9618-42d8-8dde-be5c3350fec0',950000,10,'40','ba5aacc1-278f-11f1-99ab-2efcaabefba6','4dad08a3-f67a-4a80-bee9-0e2976850458'),('f8fa4412-5be6-4ff5-b6e4-cccbbdfa2222',2250000,15,'M','ba5ab5de-278f-11f1-99ab-2efcaabefba6','8c97bd57-72a0-4c48-b770-9799221abad8'),('f913aec4-316c-40e5-b2eb-1197cebab154',1350000,35,'S','ba5ab259-278f-11f1-99ab-2efcaabefba6','9f999813-329c-4dd3-b946-2e9a63153ca0'),('f9d30d84-ff2a-4ad4-ad5f-1d55deaa55bc',950000,25,'38','ba5aacc1-278f-11f1-99ab-2efcaabefba6','4dad08a3-f67a-4a80-bee9-0e2976850458'),('fa4a8f22-e01b-4f83-af3d-a3f0390c543b',950000,35,'M','ba5aacc1-278f-11f1-99ab-2efcaabefba6','1d6424bc-fff7-47d8-8426-8b3f7996b6f6'),('fae36c87-5a56-42ef-b03e-af1195584af3',550000,70,'M','ba5abc5c-278f-11f1-99ab-2efcaabefba6','a3701480-9eba-4ef6-8b05-bdf6b86fff74'),('faeb3482-4d7b-4e5a-9fcb-410883dd7439',2450000,20,'M','ba5ab3cb-278f-11f1-99ab-2efcaabefba6','141187aa-eb73-43a2-9be3-afa93b962c46'),('fb60933b-15d2-42f1-955a-6991993d4f42',1250000,15,'S','ba5aba10-278f-11f1-99ab-2efcaabefba6','ca2b1bca-a4ca-452b-ad5a-7ef1759d2474'),('fc60ce56-7008-486c-b3c7-c758421e016f',950000,30,'L','ba5aba10-278f-11f1-99ab-2efcaabefba6','62e2446f-e4c9-412f-bc16-eed406cf94c1'),('fcb018df-91a2-44de-8cd9-08a541b3da27',950000,25,'M','ba5aacc1-278f-11f1-99ab-2efcaabefba6','4bbc30ee-4c94-49a0-9186-05ea12088be2'),('fcce4395-68c0-4a38-ad65-05d62962ee83',1450000,10,'39','ba5aacc1-278f-11f1-99ab-2efcaabefba6','fd74acdb-e125-47bc-9689-63e79b11a1e9'),('fce94add-2fb6-419a-919d-f7d5a9b9221d',250000,50,'L','ba5aacc1-278f-11f1-99ab-2efcaabefba6','ee0f0f15-01c2-4d21-ba63-db2ffaac8703'),('ff56826b-d189-4851-9775-9241ac014693',1850000,25,'S','ba5aacc1-278f-11f1-99ab-2efcaabefba6','06b0c255-6c1c-4fd6-82c0-d88f3eba7d40'),('ff7b440b-66e0-49c2-ac89-c3a808b7bfb5',850000,10,'L','ba5abc5c-278f-11f1-99ab-2efcaabefba6','3c9c04f1-7bed-404a-b52c-4230cbdbd222'),('ffba73df-c373-48a8-bd71-1770485e54ea',1450000,25,'S','ba5ab425-278f-11f1-99ab-2efcaabefba6','074af4fa-2373-4594-af09-4635672caa84'),('ffc8302e-3eed-4a11-8334-f49ca5089098',690000,25,'S','ba5ab425-278f-11f1-99ab-2efcaabefba6','2dfea698-16a7-40dd-ae9d-d879052059a9');
/*!40000 ALTER TABLE `product_variant` ENABLE KEYS */;
UNLOCK TABLES;

--
-- Table structure for table `role`
--

DROP TABLE IF EXISTS `role`;
/*!40101 SET @saved_cs_client     = @@character_set_client */;
/*!50503 SET character_set_client = utf8mb4 */;
CREATE TABLE `role` (
  `name` varchar(255) NOT NULL,
  `description` varchar(255) DEFAULT NULL,
  PRIMARY KEY (`name`)
) ENGINE=InnoDB DEFAULT CHARSET=utf8mb4 COLLATE=utf8mb4_0900_ai_ci;
/*!40101 SET character_set_client = @saved_cs_client */;

--
-- Dumping data for table `role`
--

LOCK TABLES `role` WRITE;
/*!40000 ALTER TABLE `role` DISABLE KEYS */;
INSERT INTO `role` VALUES ('ADMIN','Admin role'),('USER','User role');
/*!40000 ALTER TABLE `role` ENABLE KEYS */;
UNLOCK TABLES;

--
-- Table structure for table `role_permissions`
--

DROP TABLE IF EXISTS `role_permissions`;
/*!40101 SET @saved_cs_client     = @@character_set_client */;
/*!50503 SET character_set_client = utf8mb4 */;
CREATE TABLE `role_permissions` (
  `role_name` varchar(255) NOT NULL,
  `permissions_name` varchar(255) NOT NULL,
  PRIMARY KEY (`role_name`,`permissions_name`),
  KEY `FKf5aljih4mxtdgalvr7xvngfn1` (`permissions_name`),
  CONSTRAINT `FKcppvu8fk24eqqn6q4hws7ajux` FOREIGN KEY (`role_name`) REFERENCES `role` (`name`),
  CONSTRAINT `FKf5aljih4mxtdgalvr7xvngfn1` FOREIGN KEY (`permissions_name`) REFERENCES `permission` (`name`)
) ENGINE=InnoDB DEFAULT CHARSET=utf8mb4 COLLATE=utf8mb4_0900_ai_ci;
/*!40101 SET character_set_client = @saved_cs_client */;

--
-- Dumping data for table `role_permissions`
--

LOCK TABLES `role_permissions` WRITE;
/*!40000 ALTER TABLE `role_permissions` DISABLE KEYS */;
/*!40000 ALTER TABLE `role_permissions` ENABLE KEYS */;
UNLOCK TABLES;

--
-- Table structure for table `user`
--

DROP TABLE IF EXISTS `user`;
/*!40101 SET @saved_cs_client     = @@character_set_client */;
/*!50503 SET character_set_client = utf8mb4 */;
CREATE TABLE `user` (
  `id` varchar(255) NOT NULL,
  `city` varchar(255) DEFAULT NULL,
  `dob` date DEFAULT NULL,
  `first_name` varchar(255) DEFAULT NULL,
  `last_name` varchar(255) DEFAULT NULL,
  `password` varchar(255) NOT NULL,
  `username` varchar(255) NOT NULL,
  PRIMARY KEY (`id`),
  UNIQUE KEY `UKsb8bbouer5wak8vyiiy4pf2bx` (`username`)
) ENGINE=InnoDB DEFAULT CHARSET=utf8mb4 COLLATE=utf8mb4_0900_ai_ci;
/*!40101 SET character_set_client = @saved_cs_client */;

--
-- Dumping data for table `user`
--

LOCK TABLES `user` WRITE;
/*!40000 ALTER TABLE `user` DISABLE KEYS */;
INSERT INTO `user` VALUES ('3e634242-9256-487f-b09d-d0362d4d5296','string','2026-03-25','string','string','$2a$10$kX4gstdS48F9yizZX8J.QeQRV1zrBXD1Lef93eCErueoWyRDALoiq','nhat1'),('9b3c6e86-fb0e-4448-9187-3a34d5593e87',NULL,NULL,NULL,NULL,'$2a$10$UgVAKVvcbAn6PYNaRlxKmeIAg.v6ma/lFwy6r5vgfBKLRAy2XsPT2','admin');
/*!40000 ALTER TABLE `user` ENABLE KEYS */;
UNLOCK TABLES;

--
-- Table structure for table `user_roles`
--

DROP TABLE IF EXISTS `user_roles`;
/*!40101 SET @saved_cs_client     = @@character_set_client */;
/*!50503 SET character_set_client = utf8mb4 */;
CREATE TABLE `user_roles` (
  `user_id` varchar(255) NOT NULL,
  `roles_name` varchar(255) NOT NULL,
  PRIMARY KEY (`user_id`,`roles_name`),
  KEY `FK6pmbiap985ue1c0qjic44pxlc` (`roles_name`),
  CONSTRAINT `FK55itppkw3i07do3h7qoclqd4k` FOREIGN KEY (`user_id`) REFERENCES `user` (`id`),
  CONSTRAINT `FK6pmbiap985ue1c0qjic44pxlc` FOREIGN KEY (`roles_name`) REFERENCES `role` (`name`)
) ENGINE=InnoDB DEFAULT CHARSET=utf8mb4 COLLATE=utf8mb4_0900_ai_ci;
/*!40101 SET character_set_client = @saved_cs_client */;

--
-- Dumping data for table `user_roles`
--

LOCK TABLES `user_roles` WRITE;
/*!40000 ALTER TABLE `user_roles` DISABLE KEYS */;
INSERT INTO `user_roles` VALUES ('9b3c6e86-fb0e-4448-9187-3a34d5593e87','ADMIN'),('3e634242-9256-487f-b09d-d0362d4d5296','USER');
/*!40000 ALTER TABLE `user_roles` ENABLE KEYS */;
UNLOCK TABLES;
/*!40103 SET TIME_ZONE=@OLD_TIME_ZONE */;

/*!40101 SET SQL_MODE=@OLD_SQL_MODE */;
/*!40014 SET FOREIGN_KEY_CHECKS=@OLD_FOREIGN_KEY_CHECKS */;
/*!40014 SET UNIQUE_CHECKS=@OLD_UNIQUE_CHECKS */;
/*!40101 SET CHARACTER_SET_CLIENT=@OLD_CHARACTER_SET_CLIENT */;
/*!40101 SET CHARACTER_SET_RESULTS=@OLD_CHARACTER_SET_RESULTS */;
/*!40101 SET COLLATION_CONNECTION=@OLD_COLLATION_CONNECTION */;
/*!40111 SET SQL_NOTES=@OLD_SQL_NOTES */;

-- Dump completed on 2026-03-25  9:55:14
